,,,,,,,,,,,,,,,,,,,,,,,,,,,,,,,,,,,,,,,,,,,,,,,,,,,,,,,,,,,,,,,,,,,,,,,,,,,,,,,,,,,,,,,,,,,,,,,,
,,,,,,,,,,,,,,,,,,,,,,,,,,,,,,,,,,,,,,,,,,,,,,,,,,,,,,,,,,,,,,,,,,,,,,,,,,,,,,,,,,,,,,,,,,,,,,,,
,,,,,,,,,,,,,,,,,,,,,,,,,,,,,,,,,,,,,,,,,,,,,,,,,,,,,,,,,,,,,,,,,,,,,,,,,,,,,,,,,,,,,,,,,,,,,,,,
ReportWeekly,,,,,,,,,,,,,,,,,,,,,,,,,,,,,,,,,,,,,,,,,,,,,,,,,,,,,,,,,,,,,,,,,,,,,,,,,,,,,,,,,,,,,,,,,,,,,,,,
Period Name,,Squad Number,Player Full Name,,mins played,Team Name,Match Name,Position Tag,As At Date,Round Name,Match Date,Yellow Card,Red Card,Goal,Assist,Dribble,Offside,Own Goal,Goal Against,Stand. Tackle,Unsucc Stand. Tackle,Tackle,Unsucc Tackle,Def Aerial,Unsucc Def Aerial,Clear,Headed Clear,Own Box Clear,Progr Rec,Unprogr Rec,Progr Inter,Unprogr Inter,Progr Regain ,Blocked Shot,Blocked Cross,Stand. Tackle Success ,Tackle Success ,Def Aerial Success ,Att 1v1,Att Aerial,Efforts on Goal,Header on Target,Header off Target,Shot on Target,Shot off Target,Att Shot Blockd,Cross,Unsucc Cross,Efficiency ,Side Back,Unsucc Side Back,Long,Unsucc Long,Forward,Unsucc Forward,Line Break,Pass into Oppo Box,Loss of Poss,Success,Unsuccess,Pass Completion ,Progr Pass Attempt ,Progr Pass Completion ,Foul Won,Foul Conceded,FK,Unsucc FK,Corner Kick,Short Corner,Unsucc Corner Kick,PK Won,PK Conceded,PK Scored,PK Missed,Throw,Unsucc Throw,Hands GK,Unsucc Hands,Ground GK,Unsucc Ground,Save Held,Save Parried,Save % ,Successful Cross,Opposition,Starts,,Unsucc Att 1v1,Att 1v1 Success % ,Unsucc Dribble,Dribble Success % ,Throw in,Opp Effort on Goal,Chance Created,Unsucc cross GK,Throw in against
1st Half,,,,,,,,,,,,,,,,,,,,,,,,,,,,,,,,,,,,,,,,,,,,,,,,,,,,,,,,,,,,,,,,,,,,,,,,,,,,,,,,,,,,,,,,,,,,,,,,
,,2,Oscar Robertson,,23,Boston Bolts U16 NALB,Boston Bolts U16 NALB vs. Liverpool EDP 2025-05-24,RB,5/24/2025 12:00:00 AM,Round 0524,5/24/2025 12:00:00 AM,0,0,0,0,0,0,0,0,0,1,0,0,0,0,0,2,0,3,0,2,0,100,0,0,0,,,0,0,0,0,0,0,0,0,0,2,,4,0,0,0,8,1,0,0,1,12,1,92.31,69.23,88.89,0,0,0,0,0,0,0,0,0,0,0,0,0,0,0,0,0,0,0,,0,Liverpool EDP,1,,0,,0,,4,0,0,0,0
,,3,Milo Brandon,,53,Boston Bolts U16 NALB,Boston Bolts U16 NALB vs. Liverpool EDP 2025-05-24,LW,5/24/2025 12:00:00 AM,Round 0524,5/24/2025 12:00:00 AM,0,0,0,0,1,1,0,0,1,3,0,0,0,0,0,0,0,2,1,0,1,50,0,0,25,,,0,0,3,0,0,1,1,1,0,0,33.33,6,0,0,2,6,2,3,0,1,12,4,75,62.5,60,0,0,0,0,1,0,0,0,0,0,0,0,0,0,0,0,0,0,0,,0,Liverpool EDP,1,,0,,0,100,1,0,0,0,0
,,4,Donovan Eaton,,45,Boston Bolts U16 NALB,Boston Bolts U16 NALB vs. Liverpool EDP 2025-05-24,CM,5/24/2025 12:00:00 AM,Round 0524,5/24/2025 12:00:00 AM,0,0,0,0,2,0,0,0,2,2,0,0,1,0,1,0,0,5,1,0,0,83.33,0,0,50,,100,0,0,0,0,0,0,0,0,1,0,,6,0,2,0,6,3,5,0,0,14,3,82.35,64.71,72.73,0,0,0,0,0,0,0,0,0,0,0,0,0,0,0,0,0,0,0,,0,Liverpool EDP,1,,0,,0,100,0,0,3,0,0
,,6,Kai Veson,,45,Boston Bolts U16 NALB,Boston Bolts U16 NALB vs. Liverpool EDP 2025-05-24,LCB,5/24/2025 12:00:00 AM,Round 0524,5/24/2025 12:00:00 AM,0,0,0,0,3,0,0,0,1,0,1,1,0,0,4,3,0,11,1,5,0,94.12,1,0,100,50,,1,0,0,0,0,0,0,0,0,0,,7,0,0,0,11,6,7,0,3,18,6,75,70.83,64.71,0,0,0,0,0,0,0,0,0,0,0,0,0,0,0,0,0,0,0,,0,Liverpool EDP,1,,0,100,0,100,0,0,0,0,0
,,7,Owen Spinney,,23,Boston Bolts U16 NALB,Boston Bolts U16 NALB vs. Liverpool EDP 2025-05-24,LB,5/24/2025 12:00:00 AM,Round 0524,5/24/2025 12:00:00 AM,0,0,0,0,5,0,0,0,0,0,0,0,0,0,1,0,0,3,0,2,0,100,0,0,,,,1,0,1,0,0,1,0,0,0,1,100,0,0,1,0,3,2,2,0,1,4,2,66.67,100,66.67,0,0,0,0,0,0,0,0,0,0,0,0,0,0,0,0,0,0,0,,0,Liverpool EDP,1,,0,100,0,100,9,0,0,0,0
,,8,Joseph Sousa,,23,Boston Bolts U16 NALB,Boston Bolts U16 NALB vs. Liverpool EDP 2025-05-24,CM,5/24/2025 12:00:00 AM,Round 0524,5/24/2025 12:00:00 AM,0,0,0,0,0,0,0,0,0,2,0,0,0,0,0,0,0,5,0,1,0,100,0,0,0,,,0,0,1,0,0,0,1,0,0,0,0,3,0,0,0,5,2,2,0,2,8,2,80,70,71.43,2,0,0,0,0,0,0,0,0,0,0,0,0,0,0,0,0,0,0,,0,Liverpool EDP,1,,0,,0,,0,0,0,0,0
,,8,Joseph Sousa,,17,Boston Bolts U16 NALB,Boston Bolts U16 NALB vs. Liverpool EDP 2025-05-24,DM,5/24/2025 12:00:00 AM,Round 0524,5/24/2025 12:00:00 AM,0,0,0,0,0,0,0,0,0,0,0,0,0,0,0,0,0,3,1,0,0,75,0,0,,,,0,0,0,0,0,0,0,0,0,0,,5,0,0,0,2,0,1,0,1,7,0,100,28.57,100,0,0,0,0,0,0,0,0,0,0,0,0,0,0,0,0,0,0,0,,0,Liverpool EDP,0,,0,,0,,0,0,0,0,0
,,9,Owen Smith,,22,Boston Bolts U16 NALB,Boston Bolts U16 NALB vs. Liverpool EDP 2025-05-24,ATT,5/24/2025 12:00:00 AM,Round 0524,5/24/2025 12:00:00 AM,0,0,1,0,0,0,0,0,0,0,0,0,0,0,0,0,0,1,0,0,0,100,0,0,,,,0,0,2,1,0,0,0,1,0,0,50,3,0,0,0,1,0,1,0,2,4,0,100,25,100,0,1,0,0,0,0,0,0,0,0,0,0,0,0,0,0,0,0,0,,0,Liverpool EDP,0,,0,,0,,0,0,0,0,0
,,10,Max Christiano,,28,Boston Bolts U16 NALB,Boston Bolts U16 NALB vs. Liverpool EDP 2025-05-24,DM,5/24/2025 12:00:00 AM,Round 0524,5/24/2025 12:00:00 AM,0,0,0,0,3,0,0,0,0,1,0,0,0,0,1,2,0,5,1,2,0,87.5,0,0,0,,,1,0,0,0,0,0,0,0,0,0,,9,0,0,1,9,1,5,0,3,18,2,90,55,81.82,0,0,1,0,0,0,0,0,0,0,0,0,0,0,0,0,0,0,0,,0,Liverpool EDP,1,,0,100,0,100,0,0,0,0,0
,,11,Matthew DeSantis,,22,Boston Bolts U16 NALB,Boston Bolts U16 NALB vs. Liverpool EDP 2025-05-24,LB,5/24/2025 12:00:00 AM,Round 0524,5/24/2025 12:00:00 AM,0,0,0,1,1,0,0,0,1,0,1,0,0,0,3,0,0,3,2,2,0,71.43,0,0,100,100,,0,0,0,0,0,0,0,0,1,0,,0,1,0,1,3,0,2,0,1,3,2,60,80,75,0,0,0,0,2,0,0,0,0,0,0,0,0,0,0,0,0,0,0,,0,Liverpool EDP,0,,0,,0,100,4,0,2,0,0
,,12,Liam Bazant,,45,Boston Bolts U16 NALB,Boston Bolts U16 NALB vs. Liverpool EDP 2025-05-24,RCB,5/24/2025 12:00:00 AM,Round 0524,5/24/2025 12:00:00 AM,0,0,0,0,1,0,0,0,0,1,0,0,0,0,1,5,5,2,1,2,0,80,0,0,0,,,0,0,0,0,0,0,0,0,0,0,,5,0,3,6,12,0,13,0,0,20,6,76.92,80.77,71.43,0,0,1,0,0,0,0,0,0,0,0,0,0,0,0,0,0,0,0,,0,Liverpool EDP,1,,0,,0,100,0,0,0,0,0
,,13,Alexander Lucas,,23,Boston Bolts U16 NALB,Boston Bolts U16 NALB vs. Liverpool EDP 2025-05-24,RW,5/24/2025 12:00:00 AM,Round 0524,5/24/2025 12:00:00 AM,0,0,0,0,1,0,0,0,0,0,0,0,0,0,1,0,0,1,0,0,1,50,0,0,,,,0,0,0,0,0,0,0,0,1,0,,1,0,0,0,3,1,1,0,1,4,1,80,80,75,0,0,0,0,0,0,0,0,0,0,0,0,0,0,0,0,0,0,0,,0,Liverpool EDP,1,,0,,0,100,1,0,2,0,0
,,19,Samuel Safi,,22,Boston Bolts U16 NALB,Boston Bolts U16 NALB vs. Liverpool EDP 2025-05-24,RW,5/24/2025 12:00:00 AM,Round 0524,5/24/2025 12:00:00 AM,0,0,0,0,4,0,0,0,0,1,0,0,0,0,0,0,0,1,0,1,0,100,0,0,0,,,2,0,0,0,0,0,0,0,1,1,,2,0,0,1,2,1,2,0,3,4,2,66.67,66.67,50,0,0,0,0,0,0,0,0,0,0,0,0,0,0,0,0,0,0,0,,0,Liverpool EDP,0,,0,100,1,80,0,0,2,0,0
,,24,Andrew Wenzel,,22,Boston Bolts U16 NALB,Boston Bolts U16 NALB vs. Liverpool EDP 2025-05-24,RB,5/24/2025 12:00:00 AM,Round 0524,5/24/2025 12:00:00 AM,0,0,0,0,0,0,0,0,0,0,0,0,0,0,0,0,0,1,0,0,1,50,0,0,,,,0,0,1,0,0,0,0,1,0,0,0,1,0,0,0,4,1,0,0,0,5,1,83.33,83.33,80,0,0,0,0,0,0,0,0,0,0,0,0,0,0,0,0,0,0,0,,0,Liverpool EDP,0,,0,,0,,1,0,0,0,0
,,99,Kai Mercer,,45,Boston Bolts U16 NALB,Boston Bolts U16 NALB vs. Liverpool EDP 2025-05-24,GK,5/24/2025 12:00:00 AM,Round 0524,5/24/2025 12:00:00 AM,0,0,0,0,1,0,0,1,0,0,1,0,0,0,0,0,1,0,1,0,0,0,0,0,,100,,0,0,0,0,0,0,0,0,0,0,,4,0,0,0,12,1,1,0,0,16,1,94.12,76.47,92.31,0,0,0,0,0,0,0,0,0,0,0,0,0,6,0,2,0,2,0,66.67,0,Liverpool EDP,1,,0,,0,100,0,8,0,0,20
,,14,Wyatt Conley,,23,Boston Bolts U16 NALB,Boston Bolts U16 NALB vs. Liverpool EDP 2025-05-24,ATT,5/24/2025 12:00:00 AM,Round 0524,5/24/2025 12:00:00 AM,0,0,0,0,2,1,0,0,0,0,0,0,0,0,0,0,0,2,2,0,1,40,0,0,,,,0,0,2,0,1,1,0,0,0,1,50,2,1,0,0,3,2,2,0,3,5,3,62.5,62.5,60,0,0,0,0,0,0,0,0,0,0,0,0,0,0,0,0,0,0,0,,0,Liverpool EDP,1,,0,,0,100,0,0,0,0,0
2nd Half,,,,,,,,,,,,,,,,,,,,,,,,,,,,,,,,,,,,,,,,,,,,,,,,,,,,,,,,,,,,,,,,,,,,,,,,,,,,,,,,,,,,,,,,,,,,,,,,
,,2,Oscar Robertson,,22,Boston Bolts U16 NALB,Boston Bolts U16 NALB vs. Liverpool EDP 2025-05-24,RB,5/24/2025 12:00:00 AM,Round 0524,5/24/2025 12:00:00 AM,0,0,0,0,0,0,0,0,0,1,0,0,0,0,1,0,0,1,0,0,0,100,0,0,0,,,0,0,0,0,0,0,0,0,0,0,,1,0,0,0,2,2,1,0,2,3,2,60,80,50,0,0,0,0,0,0,0,0,0,0,0,0,0,0,0,0,0,0,0,,0,Liverpool EDP,0,,0,,0,,3,0,1,0,0
,,4,Donovan Eaton,,21,Boston Bolts U16 NALB,Boston Bolts U16 NALB vs. Liverpool EDP 2025-05-24,CM,5/24/2025 12:00:00 AM,Round 0524,5/24/2025 12:00:00 AM,0,0,0,0,2,0,0,0,0,0,0,0,0,0,0,0,0,3,0,1,0,100,0,0,,,,0,0,0,0,0,0,0,0,0,0,,2,0,1,0,5,0,2,0,0,8,0,100,75,100,0,0,0,0,0,0,0,0,0,0,0,0,0,0,0,0,0,0,0,,0,Liverpool EDP,0,,0,,0,100,1,0,0,0,0
,,4,Donovan Eaton,,19,Boston Bolts U16 NALB,Boston Bolts U16 NALB vs. Liverpool EDP 2025-05-24,RCB,5/24/2025 12:00:00 AM,Round 0524,5/24/2025 12:00:00 AM,0,0,0,0,0,0,0,0,2,1,0,0,0,0,4,0,2,4,0,2,0,100,0,0,66.67,,,0,0,0,0,0,0,0,0,0,0,,2,0,1,3,4,0,4,0,0,7,3,70,80,62.5,0,0,0,0,0,0,0,0,0,0,0,0,0,0,0,0,0,0,0,,0,Liverpool EDP,0,,0,,0,,0,0,0,0,0
,,6,Kai Veson,,45,Boston Bolts U16 NALB,Boston Bolts U16 NALB vs. Liverpool EDP 2025-05-24,LCB,5/24/2025 12:00:00 AM,Round 0524,5/24/2025 12:00:00 AM,0,0,0,0,0,0,0,0,3,1,0,0,0,0,4,1,1,7,0,4,1,91.67,0,0,75,,,0,0,0,0,0,0,0,0,0,0,,6,0,1,3,13,1,3,0,0,20,4,83.33,75,77.78,1,0,1,0,0,0,0,0,0,0,0,0,0,0,0,0,0,0,0,,0,Liverpool EDP,0,,0,,0,,0,0,0,0,0
,,7,Owen Spinney,,22,Boston Bolts U16 NALB,Boston Bolts U16 NALB vs. Liverpool EDP 2025-05-24,LB,5/24/2025 12:00:00 AM,Round 0524,5/24/2025 12:00:00 AM,0,0,0,0,1,0,0,0,0,0,0,0,0,0,0,0,0,2,0,4,0,100,0,0,,,,0,0,0,0,0,0,0,0,0,0,,2,0,0,2,3,1,3,0,5,5,3,62.5,75,50,0,0,1,0,0,0,0,0,0,0,0,0,0,0,0,0,0,0,0,,0,Liverpool EDP,0,,0,,0,100,6,0,0,0,0
,,8,Joseph Sousa,,37,Boston Bolts U16 NALB,Boston Bolts U16 NALB vs. Liverpool EDP 2025-05-24,DM,5/24/2025 12:00:00 AM,Round 0524,5/24/2025 12:00:00 AM,0,0,0,0,0,0,0,0,0,0,0,0,0,0,0,0,0,3,1,0,1,60,0,0,,,,0,0,1,0,0,0,0,1,0,0,0,1,0,1,0,2,3,2,1,0,4,3,57.14,85.71,50,1,0,0,0,0,0,0,0,0,0,0,0,0,0,0,0,0,0,0,,0,Liverpool EDP,0,,0,,0,,0,0,0,0,0
,,9,Owen Smith,,24,Boston Bolts U16 NALB,Boston Bolts U16 NALB vs. Liverpool EDP 2025-05-24,CM,5/24/2025 12:00:00 AM,Round 0524,5/24/2025 12:00:00 AM,0,0,0,0,0,0,0,0,0,0,0,0,0,0,0,0,0,0,0,0,0,,0,0,,,,0,0,0,0,0,0,0,0,0,0,,0,0,0,0,0,3,1,0,1,0,3,0,100,0,0,0,0,0,0,0,0,0,0,0,0,0,0,0,0,0,0,0,0,,0,Liverpool EDP,0,,0,,0,,0,0,0,0,0
,,10,Max Christiano,,45,Boston Bolts U16 NALB,Boston Bolts U16 NALB vs. Liverpool EDP 2025-05-24,DM,5/24/2025 12:00:00 AM,Round 0524,5/24/2025 12:00:00 AM,0,0,0,0,1,0,0,0,0,1,0,0,0,0,3,0,0,6,2,1,1,70,0,0,0,,,0,0,0,0,0,0,0,0,0,0,,2,0,0,2,7,0,2,0,1,9,2,81.82,81.82,77.78,0,0,0,0,0,0,0,0,0,0,0,0,0,0,0,0,0,0,0,,0,Liverpool EDP,0,,0,,0,100,1,0,0,0,0
,,11,Matthew DeSantis,,23,Boston Bolts U16 NALB,Boston Bolts U16 NALB vs. Liverpool EDP 2025-05-24,LB,5/24/2025 12:00:00 AM,Round 0524,5/24/2025 12:00:00 AM,0,0,0,0,2,0,0,0,0,0,0,0,0,0,4,0,0,6,1,2,0,88.89,0,0,,,,0,0,0,0,0,0,0,0,0,0,,1,0,0,0,4,1,1,0,0,5,1,83.33,83.33,80,0,0,0,0,0,0,0,0,0,0,0,0,0,0,0,0,0,0,0,,0,Liverpool EDP,0,,0,,0,100,3,0,0,0,0
,,12,Liam Bazant,,26,Boston Bolts U16 NALB,Boston Bolts U16 NALB vs. Liverpool EDP 2025-05-24,RCB,5/24/2025 12:00:00 AM,Round 0524,5/24/2025 12:00:00 AM,0,0,0,0,0,0,0,0,0,0,1,0,0,0,1,0,0,3,0,2,0,100,1,0,,100,,0,0,0,0,0,0,0,0,0,0,,2,0,2,6,8,2,8,0,0,12,8,60,90,55.56,0,0,0,0,0,0,0,0,1,0,0,0,0,0,0,0,0,0,0,,0,Liverpool EDP,0,,0,,0,,1,1,0,0,0
,,13,Alexander Lucas,,22,Boston Bolts U16 NALB,Boston Bolts U16 NALB vs. Liverpool EDP 2025-05-24,RW,5/24/2025 12:00:00 AM,Round 0524,5/24/2025 12:00:00 AM,0,0,0,0,0,0,0,0,1,0,0,0,0,0,0,0,0,1,0,2,0,100,0,0,100,,,0,0,1,0,0,0,1,0,0,0,0,1,0,0,0,1,1,0,0,1,2,1,66.67,66.67,50,0,0,0,0,0,0,0,0,0,0,0,0,0,0,0,0,0,0,0,,0,Liverpool EDP,0,,0,,0,,0,0,0,0,0
,,19,Samuel Safi,,23,Boston Bolts U16 NALB,Boston Bolts U16 NALB vs. Liverpool EDP 2025-05-24,RW,5/24/2025 12:00:00 AM,Round 0524,5/24/2025 12:00:00 AM,0,0,0,0,1,0,0,0,0,0,0,0,0,0,0,0,0,1,0,0,0,100,0,0,,,,0,0,0,0,0,0,0,0,0,0,,1,1,0,0,2,0,0,0,4,3,1,75,50,100,0,0,0,0,0,0,0,0,0,0,0,0,0,0,0,0,0,0,0,,0,Liverpool EDP,0,,0,,1,50,0,0,0,0,0
,,24,Andrew Wenzel,,23,Boston Bolts U16 NALB,Boston Bolts U16 NALB vs. Liverpool EDP 2025-05-24,RB,5/24/2025 12:00:00 AM,Round 0524,5/24/2025 12:00:00 AM,0,0,0,0,1,0,0,0,0,1,0,0,0,0,0,0,0,3,0,1,0,100,0,1,0,,,0,0,0,0,0,0,0,0,0,1,,1,0,2,0,4,2,4,0,1,7,2,77.78,88.89,75,0,0,0,0,0,0,0,0,0,0,0,0,0,0,0,0,0,0,0,,0,Liverpool EDP,0,,0,,0,100,3,0,0,0,0
,,31,Sawyer Jacobson,,45,Boston Bolts U16 NALB,Boston Bolts U16 NALB vs. Liverpool EDP 2025-05-24,GK,5/24/2025 12:00:00 AM,Round 0524,5/24/2025 12:00:00 AM,0,0,0,0,0,0,0,2,0,1,0,0,0,0,1,0,0,2,0,0,0,100,0,0,0,,,0,0,0,0,0,0,0,0,0,0,,0,0,0,0,17,1,0,0,0,17,1,94.44,100,94.44,0,0,0,0,0,0,0,0,0,0,0,0,0,4,0,3,0,1,0,33.33,0,Liverpool EDP,0,,0,,0,,0,5,0,0,16
,,14,Wyatt Conley,,30,Boston Bolts U16 NALB,Boston Bolts U16 NALB vs. Liverpool EDP 2025-05-24,ATT,5/24/2025 12:00:00 AM,Round 0524,5/24/2025 12:00:00 AM,0,0,0,0,3,1,0,0,0,0,0,0,0,0,0,0,0,1,0,0,0,100,0,0,,,,1,0,0,0,0,0,0,0,1,1,,1,0,0,0,0,0,0,2,3,1,0,100,0,,0,0,0,0,0,0,0,0,0,0,0,0,0,0,0,0,0,0,0,,0,Liverpool EDP,0,,0,100,0,100,0,0,1,0,0
Monthly By Player,,,,,,,,,,,,,,,,,,,,,,,,,,,,,,,,,,,,,,,,,,,,,,,,,,,,,,,,,,,,,,,,,,,,,,,,,,,,,,,,,,,,,,,,,,,,,,,,
,,2,Oscar Robertson,,309,Boston Bolts U16 NALB,NA,NA,5/24/2025 12:00:00 AM,Round 0524,,0,0,0,0,7,0,0,0,4,3,0,0,1,1,3,2,0,37,11,10,3,77.05,0,0,57.14,,50,0,0,1,0,0,1,0,0,10,5,100,64,2,2,5,77,24,8,3,16,143,31,82.18,62.07,73.15,2,0,3,1,0,0,0,0,0,0,0,0,0,0,0,0,0,0,0,,0,NA,4,,0,,0,100,44,0,13,0,0
,,3,Milo Brandon,,264,Boston Bolts U16 NALB,NA,NA,5/24/2025 12:00:00 AM,Round 0524,,0,0,3,0,13,2,0,0,4,5,0,0,2,1,2,0,2,18,6,4,5,66.67,0,0,44.44,,66.67,5,0,12,1,0,5,4,2,2,5,50,33,2,4,9,41,17,14,6,21,78,28,73.58,66.98,63.38,0,3,1,0,5,1,2,0,0,0,0,0,0,0,0,0,0,0,0,,0,NA,3,,0,100,1,92.86,6,1,8,0,0
,,4,Donovan Eaton,,383,Boston Bolts U16 NALB,NA,NA,5/24/2025 12:00:00 AM,Round 0524,,0,0,2,4,18,2,0,0,12,5,0,0,8,0,7,1,3,51,12,12,7,76.83,0,0,70.59,,100,5,0,15,2,0,4,5,4,5,6,40,47,1,6,9,88,31,19,9,16,141,41,77.47,73.63,70.15,7,2,1,0,3,0,1,0,0,0,0,0,0,0,0,0,0,0,0,,0,NA,4,,0,100,0,100,2,0,12,0,0
,,5,Dean Ezzat,,124,Boston Bolts U16 NALB,NA,NA,5/24/2025 12:00:00 AM,Round 0524,,0,0,0,0,9,0,0,0,5,1,0,0,2,0,0,0,2,10,7,6,3,61.54,0,0,83.33,,100,1,0,1,0,0,0,1,0,0,0,0,27,1,0,0,38,10,0,1,5,65,11,85.53,63.16,79.17,0,0,0,0,0,0,0,0,0,0,0,0,0,0,0,0,0,0,0,,0,NA,1,,0,100,0,100,1,0,0,0,0
,,6,Kai Veson,,330,Boston Bolts U16 NALB,NA,NA,5/24/2025 12:00:00 AM,Round 0524,,0,0,1,0,7,1,0,0,9,5,1,1,4,1,13,4,1,34,8,16,6,78.13,1,0,64.29,50,80,2,0,4,0,0,2,2,0,0,1,50,55,1,7,13,81,21,29,1,6,143,35,80.34,68.54,72.13,3,1,4,2,0,0,0,0,1,0,0,0,0,0,0,0,0,0,0,,0,NA,4,,0,100,0,100,0,0,3,0,0
,,7,Owen Spinney,,287,Boston Bolts U16 NALB,NA,NA,5/24/2025 12:00:00 AM,Round 0524,,0,0,0,0,37,0,0,0,5,1,2,0,0,1,4,2,2,31,14,15,7,68.66,0,1,83.33,100,0,5,0,10,1,0,3,3,3,0,3,40,48,3,10,15,50,20,20,4,18,108,38,73.97,65.07,63.16,2,0,6,0,0,0,0,0,0,0,0,0,0,0,0,0,0,0,0,,0,NA,4,,0,100,0,100,26,0,3,0,0
,,8,Joseph Sousa,,309,Boston Bolts U16 NALB,NA,NA,5/24/2025 12:00:00 AM,Round 0524,,0,0,1,0,3,0,0,0,6,2,0,0,2,0,1,0,0,36,9,14,4,79.37,2,0,75,,100,0,0,7,1,2,1,1,2,0,0,28.57,64,4,3,2,78,18,17,2,10,145,24,85.8,59.76,80.2,4,1,2,0,0,0,0,0,0,0,0,0,0,0,0,0,0,0,0,,0,NA,4,,0,,0,100,2,0,4,0,0
,,9,Owen Smith,,282,Boston Bolts U16 NALB,NA,NA,5/24/2025 12:00:00 AM,Round 0524,,0,0,3,0,4,2,0,0,3,1,0,0,0,0,0,1,0,18,10,8,1,70.27,0,0,75,,,2,0,17,2,1,7,3,4,1,3,52.94,33,3,4,1,29,21,4,5,22,66,25,72.53,60.44,60,2,3,0,1,4,1,5,0,0,0,0,0,0,0,0,0,0,0,0,,0,NA,3,,0,100,0,100,1,0,11,0,0
,,10,Max Christiano,,330,Boston Bolts U16 NALB,NA,NA,5/24/2025 12:00:00 AM,Round 0524,,0,0,1,1,13,1,0,0,13,5,1,0,3,0,7,2,0,41,16,12,10,67.09,0,0,72.22,100,100,5,1,7,0,0,2,4,1,1,1,28.57,66,0,4,11,62,25,19,3,11,132,36,78.57,60.71,64.71,5,1,3,0,8,0,1,0,0,0,0,0,0,0,0,0,0,0,0,,0,NA,4,,0,100,0,100,5,0,6,0,0
,,11,Matthew DeSantis,,287,Boston Bolts U16 NALB,NA,NA,5/24/2025 12:00:00 AM,Round 0524,,0,0,1,1,21,0,0,0,7,0,1,0,2,2,10,1,2,29,13,12,3,71.93,2,0,100,100,50,4,0,4,0,0,1,3,0,4,5,25,27,3,1,6,51,20,6,1,11,79,29,73.15,72.22,66.67,3,1,2,2,4,2,3,0,0,0,0,0,0,0,0,0,0,0,0,,0,NA,2,,0,100,1,95.45,46,0,6,0,0
,,12,Liam Bazant,,344,Boston Bolts U16 NALB,NA,NA,5/24/2025 12:00:00 AM,Round 0524,,0,0,0,0,6,1,0,0,0,3,1,0,7,1,7,5,5,27,13,8,3,68.63,4,0,0,100,87.5,2,0,7,0,0,2,2,3,0,1,28.57,50,1,36,39,81,22,70,5,2,167,62,72.93,77.73,65.73,0,0,3,1,0,0,0,0,1,0,0,0,0,0,0,0,0,0,0,,0,NA,4,,0,100,0,100,1,1,4,0,0
,,13,Alexander Lucas,,249,Boston Bolts U16 NALB,NA,NA,5/24/2025 12:00:00 AM,Round 0524,,0,0,1,1,20,1,0,0,8,1,1,1,1,0,3,0,0,19,3,5,5,75,0,0,88.89,50,100,8,0,8,0,0,6,2,0,7,6,75,26,6,2,0,36,18,4,4,20,64,24,72.73,63.64,67.86,1,1,1,0,0,0,1,0,0,0,0,0,0,0,0,0,0,0,0,,0,NA,3,,0,100,0,100,3,0,5,0,0
,,17,Brandon Park,,164,Boston Bolts U16 NALB,NA,NA,5/24/2025 12:00:00 AM,Round 0524,,0,0,1,1,21,0,0,0,4,0,0,0,0,1,1,0,0,11,3,3,4,66.67,0,0,100,,0,10,0,4,0,1,1,2,0,2,9,25,33,2,1,2,25,14,5,2,10,59,18,76.62,54.55,61.9,3,1,1,0,0,0,0,0,0,0,0,0,0,0,0,0,0,0,0,,0,NA,3,,0,100,1,95.45,3,0,4,0,0
,,19,Samuel Safi,,179,Boston Bolts U16 NALB,NA,NA,5/24/2025 12:00:00 AM,Round 0524,,0,0,0,0,16,3,0,0,2,1,0,0,0,0,0,0,0,10,4,3,1,72.22,0,0,66.67,,,6,0,6,0,1,3,1,1,2,3,50,13,3,1,2,18,9,3,2,31,32,14,69.57,65.22,63.33,0,0,0,0,0,0,0,0,0,0,0,0,0,0,0,0,0,0,0,,0,NA,2,,0,100,3,84.21,2,0,4,0,0
,,24,Andrew Wenzel,,248,Boston Bolts U16 NALB,NA,NA,5/24/2025 12:00:00 AM,Round 0524,,0,0,0,1,6,1,0,0,2,1,1,1,2,3,2,3,3,19,7,7,8,63.41,2,2,66.67,50,40,1,1,4,0,1,1,1,1,0,2,25,42,0,6,6,54,20,11,1,3,102,26,79.69,67.19,69.77,0,0,2,0,0,0,0,0,0,0,0,0,0,0,0,0,0,0,0,,0,NA,3,,0,100,0,100,25,0,2,0,0
,,31,Sawyer Jacobson,,180,Boston Bolts U16 NALB,NA,NA,5/24/2025 12:00:00 AM,Round 0524,,0,0,0,0,0,0,0,4,0,1,0,0,0,0,1,0,1,4,0,0,0,100,0,0,0,,,0,0,0,0,0,0,0,0,0,0,,1,0,4,3,51,4,3,0,0,56,7,88.89,98.41,88.71,0,0,0,0,0,0,0,0,0,0,0,7,0,4,0,17,0,3,1,50,1,NA,2,,0,,0,,0,20,0,0,52
,,99,Kai Mercer,,220,Boston Bolts U16 NALB,NA,NA,5/24/2025 12:00:00 AM,Round 0524,,0,0,0,0,1,0,0,2,1,0,1,0,0,0,1,0,1,8,3,1,0,75,0,0,100,100,,0,0,0,0,0,0,0,0,0,0,,15,0,4,3,71,5,5,0,0,90,8,91.84,84.69,90.36,1,0,0,0,0,0,0,0,0,0,0,11,1,7,0,14,0,7,1,80,1,NA,2,,0,,0,100,0,31,0,0,68
,,0,Dylan Jacobson,,40,Boston Bolts U16 NALB,NA,NA,5/24/2025 12:00:00 AM,Round 0524,,0,0,0,0,0,0,0,1,0,0,0,0,0,0,0,0,0,0,0,0,0,,0,0,,,,0,0,0,0,0,0,0,0,0,0,,2,0,0,0,18,0,0,0,0,20,0,100,90,100,0,0,0,0,0,0,0,0,0,0,0,2,0,3,0,1,0,0,0,0,0,NA,1,,0,,0,,0,2,0,0,15
,,14,Wyatt Conley,,228,Boston Bolts U16 NALB,NA,NA,5/24/2025 12:00:00 AM,Round 0524,,0,0,3,0,18,3,0,0,0,0,0,0,0,0,0,0,0,10,6,1,5,50,0,0,,,,6,0,18,1,5,8,2,2,3,10,50,24,7,0,0,26,10,3,8,28,50,17,74.63,53.73,72.22,1,3,0,0,0,0,0,0,0,0,0,0,0,0,0,0,0,0,0,,0,NA,2,,0,100,0,100,0,1,8,0,0
Monthly By Position Player,,,,,,,,,,,,,,,,,,,,,,,,,,,,,,,,,,,,,,,,,,,,,,,,,,,,,,,,,,,,,,,,,,,,,,,,,,,,,,,,,,,,,,,,,,,,,,,,
,,2,Oscar Robertson,,22,Boston Bolts U16 NALB,NA,LB,5/24/2025 12:00:00 AM,Round 0524,,0,0,0,0,1,0,0,0,1,0,0,0,0,1,1,0,0,3,1,2,0,83.33,0,0,100,,0,0,0,0,0,0,0,0,0,0,1,,6,0,0,1,2,3,0,1,1,8,4,66.67,50,33.33,0,0,0,0,0,0,0,0,0,0,0,0,0,0,0,0,0,0,0,,0,NA,1,,0,,0,100,4,0,0,0,0
,,2,Oscar Robertson,,233,Boston Bolts U16 NALB,NA,RB,5/24/2025 12:00:00 AM,Round 0524,,0,0,0,0,3,0,0,0,3,3,0,0,1,0,2,2,0,28,7,8,2,80,0,0,50,,100,0,0,1,0,0,1,0,0,10,3,100,39,1,2,4,65,17,7,2,11,106,22,82.81,68.75,76.14,1,0,2,1,0,0,0,0,0,0,0,0,0,0,0,0,0,0,0,,0,NA,3,,0,,0,100,38,0,12,0,0
,,2,Oscar Robertson,,54,Boston Bolts U16 NALB,NA,RCB,5/24/2025 12:00:00 AM,Round 0524,,0,0,0,0,3,0,0,0,0,0,0,0,0,0,0,0,0,6,3,0,1,60,0,0,,,,0,0,0,0,0,0,0,0,0,1,,19,1,0,0,10,4,1,0,4,29,5,85.29,41.18,71.43,1,0,1,0,0,0,0,0,0,0,0,0,0,0,0,0,0,0,0,,0,NA,0,,0,,0,100,2,0,1,0,0
,,3,Milo Brandon,,45,Boston Bolts U16 NALB,NA,LB,5/24/2025 12:00:00 AM,Round 0524,,0,0,0,0,4,0,0,0,3,2,0,0,0,0,0,0,0,3,2,2,2,55.56,0,0,60,,,0,0,2,0,0,1,1,0,0,3,50,6,0,0,2,10,4,1,2,4,16,6,72.73,72.73,62.5,0,0,0,0,0,0,1,0,0,0,0,0,0,0,0,0,0,0,0,,0,NA,1,,0,,0,100,3,0,0,0,0
,,3,Milo Brandon,,22,Boston Bolts U16 NALB,NA,LCB,5/24/2025 12:00:00 AM,Round 0524,,0,0,0,0,0,0,0,0,0,0,0,0,1,0,1,0,2,7,2,1,0,80,0,0,,,100,0,0,0,0,0,0,0,0,0,0,,7,0,2,2,9,2,6,1,0,18,4,81.82,68.18,73.33,0,0,0,0,0,0,0,0,0,0,0,0,0,0,0,0,0,0,0,,0,NA,0,,0,,0,,0,0,1,0,0
,,3,Milo Brandon,,76,Boston Bolts U16 NALB,NA,LW,5/24/2025 12:00:00 AM,Round 0524,,0,0,0,0,3,1,0,0,1,3,0,0,0,0,0,0,0,2,1,0,1,50,0,0,25,,,1,0,3,0,0,1,1,1,1,1,33.33,8,0,0,2,11,3,3,0,4,19,5,79.17,66.67,68.75,0,0,0,0,2,1,0,0,0,0,0,0,0,0,0,0,0,0,0,,0,NA,1,,0,100,0,100,1,0,2,0,0
,,3,Milo Brandon,,121,Boston Bolts U16 NALB,NA,RW,5/24/2025 12:00:00 AM,Round 0524,,0,0,3,0,6,1,0,0,0,0,0,0,1,1,1,0,0,6,1,1,2,70,0,0,,,50,4,0,7,1,0,3,2,1,1,1,57.14,12,2,2,3,11,8,4,3,13,25,13,65.79,63.16,54.17,0,3,1,0,3,0,1,0,0,0,0,0,0,0,0,0,0,0,0,,0,NA,1,,0,100,1,85.71,2,1,5,0,0
,,4,Donovan Eaton,,315,Boston Bolts U16 NALB,NA,CM,5/24/2025 12:00:00 AM,Round 0524,,0,0,2,3,15,0,0,0,9,4,0,0,6,0,3,1,1,41,10,9,6,75.76,0,0,69.23,,100,3,0,12,2,0,4,2,4,5,5,50,41,1,4,4,68,27,13,5,14,113,32,77.93,71.03,69.9,7,2,1,0,3,0,1,0,0,0,0,0,0,0,0,0,0,0,0,,0,NA,4,,0,100,0,100,2,0,9,0,0
,,4,Donovan Eaton,,35,Boston Bolts U16 NALB,NA,RCB,5/24/2025 12:00:00 AM,Round 0524,,0,0,0,1,1,0,0,0,2,1,0,0,0,0,4,0,2,7,0,2,0,100,0,0,66.67,,,0,0,0,0,0,0,0,0,0,0,,3,0,2,4,14,1,6,1,0,19,5,79.17,87.5,76.19,0,0,0,0,0,0,0,0,0,0,0,0,0,0,0,0,0,0,0,,0,NA,0,,0,,0,100,0,0,1,0,0
,,4,Donovan Eaton,,33,Boston Bolts U16 NALB,NA,RW,5/24/2025 12:00:00 AM,Round 0524,,0,0,0,0,2,2,0,0,1,0,0,0,2,0,0,0,0,3,2,1,1,57.14,0,0,100,,100,2,0,3,0,0,0,3,0,0,1,0,3,0,0,1,6,3,0,3,2,9,4,69.23,76.92,60,0,0,0,0,0,0,0,0,0,0,0,0,0,0,0,0,0,0,0,,0,NA,0,,0,100,0,100,0,0,2,0,0
,,5,Dean Ezzat,,91,Boston Bolts U16 NALB,NA,DM,5/24/2025 12:00:00 AM,Round 0524,,0,0,0,0,7,0,0,0,5,1,0,0,2,0,0,0,2,8,7,5,2,59.09,0,0,83.33,,100,0,0,1,0,0,0,1,0,0,0,0,21,1,0,0,25,8,0,1,4,46,9,83.64,60,75.76,0,0,0,0,0,0,0,0,0,0,0,0,0,0,0,0,0,0,0,,0,NA,1,,0,,0,100,0,0,0,0,0
,,5,Dean Ezzat,,33,Boston Bolts U16 NALB,NA,LCB,5/24/2025 12:00:00 AM,Round 0524,,0,0,0,0,2,0,0,0,0,0,0,0,0,0,0,0,0,2,0,1,1,75,0,0,,,,1,0,0,0,0,0,0,0,0,0,,6,0,0,0,13,2,0,0,1,19,2,90.48,71.43,86.67,0,0,0,0,0,0,0,0,0,0,0,0,0,0,0,0,0,0,0,,0,NA,0,,0,100,0,100,1,0,0,0,0
,,6,Kai Veson,,92,Boston Bolts U16 NALB,NA,CM,5/24/2025 12:00:00 AM,Round 0524,,0,0,1,0,3,1,0,0,4,2,0,0,1,1,0,0,0,4,4,3,3,50,0,0,66.67,,50,1,0,4,0,0,2,2,0,0,1,50,12,1,2,2,10,7,2,1,3,24,10,70.59,61.76,57.14,0,1,0,1,0,0,0,0,0,0,0,0,0,0,0,0,0,0,0,,0,NA,2,,0,100,0,100,0,0,2,0,0
,,6,Kai Veson,,178,Boston Bolts U16 NALB,NA,LCB,5/24/2025 12:00:00 AM,Round 0524,,0,0,0,0,3,0,0,0,5,3,1,1,3,0,13,4,1,28,3,10,2,88.37,1,0,62.5,50,100,1,0,0,0,0,0,0,0,0,0,,30,0,4,6,57,9,23,0,3,91,15,85.85,71.7,80.26,1,0,2,0,0,0,0,0,1,0,0,0,0,0,0,0,0,0,0,,0,NA,2,,0,100,0,100,0,0,1,0,0
,,6,Kai Veson,,60,Boston Bolts U16 NALB,NA,RCB,5/24/2025 12:00:00 AM,Round 0524,,0,0,0,0,1,0,0,0,0,0,0,0,0,0,0,0,0,2,1,3,1,71.43,0,0,,,,0,0,0,0,0,0,0,0,0,0,,13,0,1,5,14,5,4,0,0,28,10,73.68,65.79,60,2,0,2,1,0,0,0,0,0,0,0,0,0,0,0,0,0,0,0,,0,NA,0,,0,,0,100,0,0,0,0,0
,,7,Owen Spinney,,84,Boston Bolts U16 NALB,NA,LB,5/24/2025 12:00:00 AM,Round 0524,,0,0,0,0,9,0,0,0,1,0,0,0,0,0,1,0,0,7,0,10,2,89.47,0,0,100,,,2,0,4,1,0,2,0,1,0,3,75,6,1,2,3,11,6,8,0,7,19,10,65.52,75.86,59.09,0,0,1,0,0,0,0,0,0,0,0,0,0,0,0,0,0,0,0,,0,NA,1,,0,100,0,100,22,0,2,0,0
,,7,Owen Spinney,,203,Boston Bolts U16 NALB,NA,LCB,5/24/2025 12:00:00 AM,Round 0524,,0,0,0,0,28,0,0,0,4,1,2,0,0,1,3,2,2,24,14,5,5,60.42,0,1,80,100,0,3,0,6,0,0,1,3,2,0,0,16.67,42,2,8,12,39,14,12,4,11,89,28,76.07,62.39,64.38,2,0,5,0,0,0,0,0,0,0,0,0,0,0,0,0,0,0,0,,0,NA,3,,0,100,0,100,4,0,1,0,0
,,8,Joseph Sousa,,134,Boston Bolts U16 NALB,NA,CM,5/24/2025 12:00:00 AM,Round 0524,,0,0,0,0,2,0,0,0,2,2,0,0,2,0,0,0,0,16,1,6,2,88,1,0,50,,100,0,0,4,0,1,1,1,1,0,0,25,23,0,2,0,42,9,11,0,6,67,9,88.16,69.74,83.02,2,0,0,0,0,0,0,0,0,0,0,0,0,0,0,0,0,0,0,,0,NA,2,,0,,0,100,1,0,2,0,0
,,8,Joseph Sousa,,175,Boston Bolts U16 NALB,NA,DM,5/24/2025 12:00:00 AM,Round 0524,,0,0,1,0,1,0,0,0,4,0,0,0,0,0,1,0,0,20,8,8,2,73.68,1,0,100,,,0,0,3,1,1,0,0,1,0,0,33.33,41,4,1,2,36,9,6,2,4,78,15,83.87,51.61,77.08,2,1,2,0,0,0,0,0,0,0,0,0,0,0,0,0,0,0,0,,0,NA,2,,0,,0,100,1,0,2,0,0
,,9,Owen Smith,,153,Boston Bolts U16 NALB,NA,ATT,5/24/2025 12:00:00 AM,Round 0524,,0,0,2,0,0,0,0,0,3,1,0,0,0,0,0,0,0,6,5,4,0,66.67,0,0,75,,,0,0,11,2,1,2,2,4,1,2,36.36,20,3,2,0,12,6,2,2,18,34,9,79.07,46.51,70,1,2,0,1,1,1,3,0,0,0,0,0,0,0,0,0,0,0,0,,0,NA,3,,0,,0,,1,0,5,0,0
,,9,Owen Smith,,107,Boston Bolts U16 NALB,NA,CM,5/24/2025 12:00:00 AM,Round 0524,,0,0,1,0,3,1,0,0,0,0,0,0,0,0,0,1,0,10,5,4,1,70,0,0,,,,2,0,4,0,0,3,1,0,0,0,75,12,0,1,1,17,15,2,3,4,30,16,65.22,73.91,52.94,1,1,0,0,1,0,1,0,0,0,0,0,0,0,0,0,0,0,0,,0,NA,0,,0,100,0,100,0,0,3,0,0
,,9,Owen Smith,,22,Boston Bolts U16 NALB,NA,LW,5/24/2025 12:00:00 AM,Round 0524,,0,0,0,0,1,1,0,0,0,0,0,0,0,0,0,0,0,2,0,0,0,100,0,0,,,,0,0,2,0,0,2,0,0,0,1,100,1,0,1,0,0,0,0,0,0,2,0,100,50,100,0,0,0,0,2,0,1,0,0,0,0,0,0,0,0,0,0,0,0,,0,NA,0,,0,,0,100,0,0,3,0,0
,,10,Max Christiano,,120,Boston Bolts U16 NALB,NA,CM,5/24/2025 12:00:00 AM,Round 0524,,0,0,0,0,5,0,0,0,9,1,0,0,1,0,1,0,0,11,8,6,7,53.13,0,0,90,,100,2,1,4,0,0,1,3,0,0,1,25,27,0,0,3,26,15,5,2,3,53,18,74.65,61.97,59.09,3,0,1,0,2,0,1,0,0,0,0,0,0,0,0,0,0,0,0,,0,NA,2,,0,100,0,100,1,0,2,0,0
,,10,Max Christiano,,210,Boston Bolts U16 NALB,NA,DM,5/24/2025 12:00:00 AM,Round 0524,,0,0,1,1,8,1,0,0,4,4,1,0,2,0,6,2,0,30,8,6,3,76.6,0,0,50,100,100,3,0,3,0,0,1,1,1,1,0,33.33,39,0,4,8,36,10,14,1,8,79,18,81.44,59.79,68.97,2,1,2,0,6,0,0,0,0,0,0,0,0,0,0,0,0,0,0,,0,NA,2,,0,100,0,100,4,0,4,0,0
,,11,Matthew DeSantis,,221,Boston Bolts U16 NALB,NA,LB,5/24/2025 12:00:00 AM,Round 0524,,0,0,0,1,16,0,0,0,6,0,1,0,2,1,10,1,2,28,9,12,2,78.43,2,0,100,100,66.67,3,0,2,0,0,0,2,0,2,3,0,21,2,0,5,45,17,5,0,7,66,24,73.33,74.44,67.16,3,0,1,2,4,2,2,0,0,0,0,0,0,0,0,0,0,0,0,,0,NA,2,,0,100,0,100,43,0,4,0,0
,,11,Matthew DeSantis,,66,Boston Bolts U16 NALB,NA,LW,5/24/2025 12:00:00 AM,Round 0524,,0,0,1,0,5,0,0,0,1,0,0,0,0,1,0,0,0,1,4,0,1,16.67,0,0,100,,0,1,0,2,0,0,1,1,0,2,2,50,6,1,1,1,6,3,1,1,4,13,5,72.22,61.11,63.64,0,1,1,0,0,0,1,0,0,0,0,0,0,0,0,0,0,0,0,,0,NA,0,,0,100,1,83.33,3,0,2,0,0
,,12,Liam Bazant,,344,Boston Bolts U16 NALB,NA,RCB,5/24/2025 12:00:00 AM,Round 0524,,0,0,0,0,6,1,0,0,0,3,1,0,7,1,7,5,5,27,13,8,3,68.63,4,0,0,100,87.5,2,0,7,0,0,2,2,3,0,1,28.57,50,1,36,39,81,22,70,5,2,167,62,72.93,77.73,65.73,0,0,3,1,0,0,0,0,1,0,0,0,0,0,0,0,0,0,0,,0,NA,4,,0,100,0,100,1,1,4,0,0
,,13,Alexander Lucas,,44,Boston Bolts U16 NALB,NA,LW,5/24/2025 12:00:00 AM,Round 0524,,0,0,0,0,8,0,0,0,0,1,0,0,0,0,1,0,0,5,0,1,2,75,0,0,0,,,4,0,0,0,0,0,0,0,1,2,,6,3,0,0,6,4,0,2,3,12,7,63.16,52.63,60,0,0,0,0,0,0,1,0,0,0,0,0,0,0,0,0,0,0,0,,0,NA,1,,0,100,0,100,1,0,0,0,0
,,13,Alexander Lucas,,205,Boston Bolts U16 NALB,NA,RW,5/24/2025 12:00:00 AM,Round 0524,,0,0,1,1,12,1,0,0,8,0,1,1,1,0,2,0,0,14,3,4,3,75,0,0,100,50,100,4,0,8,0,0,6,2,0,6,4,75,20,3,2,0,30,14,4,2,17,52,17,75.36,66.67,69.57,1,1,1,0,0,0,0,0,0,0,0,0,0,0,0,0,0,0,0,,0,NA,2,,0,100,0,100,2,0,5,0,0
,,17,Brandon Park,,87,Boston Bolts U16 NALB,NA,LW,5/24/2025 12:00:00 AM,Round 0524,,0,0,0,1,9,0,0,0,2,0,0,0,0,1,1,0,0,4,2,2,3,54.55,0,0,100,,0,4,0,2,0,1,1,0,0,1,6,50,12,0,0,1,11,8,1,2,5,23,9,71.88,62.5,55,0,0,0,0,0,0,0,0,0,0,0,0,0,0,0,0,0,0,0,,0,NA,2,,0,100,0,100,2,0,3,0,0
,,17,Brandon Park,,12,Boston Bolts U16 NALB,NA,RCB,5/24/2025 12:00:00 AM,Round 0524,,0,0,0,0,2,0,0,0,1,0,0,0,0,0,0,0,0,0,0,0,0,,0,0,100,,,0,0,0,0,0,0,0,0,0,0,,4,0,1,0,1,2,1,0,0,6,2,75,50,50,1,0,1,0,0,0,0,0,0,0,0,0,0,0,0,0,0,0,0,,0,NA,0,,0,,0,100,0,0,0,0,0
,,17,Brandon Park,,65,Boston Bolts U16 NALB,NA,RW,5/24/2025 12:00:00 AM,Round 0524,,0,0,1,0,10,0,0,0,1,0,0,0,0,0,0,0,0,7,1,1,1,80,0,0,100,,,6,0,2,0,0,0,2,0,1,3,0,17,2,0,1,13,4,3,0,5,30,7,81.08,48.65,72.22,2,1,0,0,0,0,0,0,0,0,0,0,0,0,0,0,0,0,0,,0,NA,1,,0,100,1,90.91,1,0,1,0,0
,,19,Samuel Safi,,68,Boston Bolts U16 NALB,NA,LW,5/24/2025 12:00:00 AM,Round 0524,,0,0,0,0,8,3,0,0,2,0,0,0,0,0,0,0,0,4,3,1,0,62.5,0,0,100,,,2,0,5,0,1,3,0,1,0,1,60,5,2,1,1,9,3,1,1,14,15,6,71.43,66.67,71.43,0,0,0,0,0,0,0,0,0,0,0,0,0,0,0,0,0,0,0,,0,NA,1,,0,100,0,100,1,0,2,0,0
,,19,Samuel Safi,,111,Boston Bolts U16 NALB,NA,RW,5/24/2025 12:00:00 AM,Round 0524,,0,0,0,0,8,0,0,0,0,1,0,0,0,0,0,0,0,6,1,2,1,80,0,0,0,,,4,0,1,0,0,0,1,0,2,2,0,8,1,0,1,9,6,2,1,17,17,8,68,64,56.25,0,0,0,0,0,0,0,0,0,0,0,0,0,0,0,0,0,0,0,,0,NA,1,,0,100,3,72.73,1,0,2,0,0
,,24,Andrew Wenzel,,179,Boston Bolts U16 NALB,NA,RB,5/24/2025 12:00:00 AM,Round 0524,,0,0,0,1,3,1,0,0,1,1,0,1,0,0,2,1,1,10,4,3,6,56.52,2,1,50,0,,1,1,2,0,1,0,0,1,0,2,0,20,0,4,2,20,15,6,0,3,44,17,72.13,67.21,58.54,0,0,2,0,0,0,0,0,0,0,0,0,0,0,0,0,0,0,0,,0,NA,2,,0,100,0,100,23,0,2,0,0
,,24,Andrew Wenzel,,69,Boston Bolts U16 NALB,NA,RCB,5/24/2025 12:00:00 AM,Round 0524,,0,0,0,0,3,0,0,0,1,0,1,0,2,3,0,2,2,9,3,4,2,72.22,0,1,100,100,40,0,0,2,0,0,1,1,0,0,0,50,22,0,2,4,34,5,5,1,0,58,9,86.57,67.16,80,0,0,0,0,0,0,0,0,0,0,0,0,0,0,0,0,0,0,0,,0,NA,1,,0,,0,100,2,0,0,0,0
,,31,Sawyer Jacobson,,180,Boston Bolts U16 NALB,NA,GK,5/24/2025 12:00:00 AM,Round 0524,,0,0,0,0,0,0,0,4,0,1,0,0,0,0,1,0,1,4,0,0,0,100,0,0,0,,,0,0,0,0,0,0,0,0,0,0,,1,0,4,3,51,4,3,0,0,56,7,88.89,98.41,88.71,0,0,0,0,0,0,0,0,0,0,0,7,0,4,0,17,0,3,1,50,1,NA,2,,0,,0,,0,20,0,0,52
,,99,Kai Mercer,,220,Boston Bolts U16 NALB,NA,GK,5/24/2025 12:00:00 AM,Round 0524,,0,0,0,0,1,0,0,2,1,0,1,0,0,0,1,0,1,8,3,1,0,75,0,0,100,100,,0,0,0,0,0,0,0,0,0,0,,15,0,4,3,71,5,5,0,0,90,8,91.84,84.69,90.36,1,0,0,0,0,0,0,0,0,0,0,11,1,7,0,14,0,7,1,80,1,NA,2,,0,,0,100,0,31,0,0,68
,,0,Dylan Jacobson,,40,Boston Bolts U16 NALB,NA,GK,5/24/2025 12:00:00 AM,Round 0524,,0,0,0,0,0,0,0,1,0,0,0,0,0,0,0,0,0,0,0,0,0,,0,0,,,,0,0,0,0,0,0,0,0,0,0,,2,0,0,0,18,0,0,0,0,20,0,100,90,100,0,0,0,0,0,0,0,0,0,0,0,2,0,3,0,1,0,0,0,0,0,NA,1,,0,,0,,0,2,0,0,15
,,14,Wyatt Conley,,206,Boston Bolts U16 NALB,NA,ATT,5/24/2025 12:00:00 AM,Round 0524,,0,0,3,0,14,3,0,0,0,0,0,0,0,0,0,0,0,9,5,0,4,50,0,0,,,,5,0,16,1,4,7,2,2,3,7,50,23,7,0,0,22,9,3,7,25,45,16,73.77,50.82,70.97,1,3,0,0,0,0,0,0,0,0,0,0,0,0,0,0,0,0,0,,0,NA,2,,0,100,0,100,0,1,6,0,0
,,14,Wyatt Conley,,22,Boston Bolts U16 NALB,NA,RW,5/24/2025 12:00:00 AM,Round 0524,,0,0,0,0,4,0,0,0,0,0,0,0,0,0,0,0,0,1,1,1,1,50,0,0,,,,1,0,2,0,1,1,0,0,0,3,50,1,0,0,0,4,1,0,1,3,5,1,83.33,83.33,80,0,0,0,0,0,0,0,0,0,0,0,0,0,0,0,0,0,0,0,,0,NA,0,,0,100,0,100,0,0,2,0,0
Monthly By Team,,,,,,,,,,,,,,,,,,,,,,,,,,,,,,,,,,,,,,,,,,,,,,,,,,,,,,,,,,,,,,,,,,,,,,,,,,,,,,,,,,,,,,,,,,,,,,,,
,,-1,NA,,4757,Boston Bolts U16 NALB,NA,NA,5/24/2025 12:00:00 AM,Round 0524,,0,0,17,9,220,17,0,7,85,35,9,3,34,11,62,21,22,413,145,137,75,71.43,11,3,70.83,75,75.56,62,2,125,8,11,47,36,23,37,60,44,670,39,95,126,975,309,240,57,230,1740,474,78.59,67.98,71.1,34,17,29,7,24,4,13,0,2,0,0,20,1,14,0,32,0,10,2,63.16,2,NA,55,,0,100,6,97.35,167,56,93,0,135
Round By Player,,,,,,,,,,,,,,,,,,,,,,,,,,,,,,,,,,,,,,,,,,,,,,,,,,,,,,,,,,,,,,,,,,,,,,,,,,,,,,,,,,,,,,,,,,,,,,,,
,,2,Oscar Robertson,,45,Boston Bolts U16 NALB,Boston Bolts U16 NALB vs. Liverpool EDP 2025-05-24,NA,5/24/2025 12:00:00 AM,Round 0524,5/24/2025 12:00:00 AM,0,0,0,0,0,0,0,0,0,2,0,0,0,0,1,2,0,4,0,2,0,100,0,0,0,,,0,0,0,0,0,0,0,0,0,2,,5,0,0,0,10,3,1,0,3,15,3,83.33,72.22,76.92,0,0,0,0,0,0,0,0,0,0,0,0,0,0,0,0,0,0,0,,0,Liverpool EDP,1,,0,,0,,7,0,1,0,0
,,3,Milo Brandon,,53,Boston Bolts U16 NALB,Boston Bolts U16 NALB vs. Liverpool EDP 2025-05-24,NA,5/24/2025 12:00:00 AM,Round 0524,5/24/2025 12:00:00 AM,0,0,0,0,1,1,0,0,1,3,0,0,0,0,0,0,0,2,1,0,1,50,0,0,25,,,0,0,3,0,0,1,1,1,0,0,33.33,6,0,0,2,6,2,3,0,1,12,4,75,62.5,60,0,0,0,0,1,0,0,0,0,0,0,0,0,0,0,0,0,0,0,,0,Liverpool EDP,1,,0,,0,100,1,0,0,0,0
,,4,Donovan Eaton,,85,Boston Bolts U16 NALB,Boston Bolts U16 NALB vs. Liverpool EDP 2025-05-24,NA,5/24/2025 12:00:00 AM,Round 0524,5/24/2025 12:00:00 AM,0,0,0,0,4,0,0,0,4,3,0,0,1,0,5,0,2,12,1,3,0,93.75,0,0,57.14,,100,0,0,0,0,0,0,0,0,1,0,,10,0,4,3,15,3,11,0,0,29,6,82.86,71.43,76,0,0,0,0,0,0,0,0,0,0,0,0,0,0,0,0,0,0,0,,0,Liverpool EDP,1,,0,,0,100,1,0,3,0,0
,,6,Kai Veson,,90,Boston Bolts U16 NALB,Boston Bolts U16 NALB vs. Liverpool EDP 2025-05-24,NA,5/24/2025 12:00:00 AM,Round 0524,5/24/2025 12:00:00 AM,0,0,0,0,3,0,0,0,4,1,1,1,0,0,8,4,1,18,1,9,1,93.1,1,0,80,50,,1,0,0,0,0,0,0,0,0,0,,13,0,1,3,24,7,10,0,3,38,10,79.17,72.92,71.43,1,0,1,0,0,0,0,0,0,0,0,0,0,0,0,0,0,0,0,,0,Liverpool EDP,1,,0,100,0,100,0,0,0,0,0
,,7,Owen Spinney,,45,Boston Bolts U16 NALB,Boston Bolts U16 NALB vs. Liverpool EDP 2025-05-24,NA,5/24/2025 12:00:00 AM,Round 0524,5/24/2025 12:00:00 AM,0,0,0,0,6,0,0,0,0,0,0,0,0,0,1,0,0,5,0,6,0,100,0,0,,,,1,0,1,0,0,1,0,0,0,1,100,2,0,1,2,6,3,5,0,6,9,5,64.29,85.71,58.33,0,0,1,0,0,0,0,0,0,0,0,0,0,0,0,0,0,0,0,,0,Liverpool EDP,1,,0,100,0,100,15,0,0,0,0
,,8,Joseph Sousa,,77,Boston Bolts U16 NALB,Boston Bolts U16 NALB vs. Liverpool EDP 2025-05-24,NA,5/24/2025 12:00:00 AM,Round 0524,5/24/2025 12:00:00 AM,0,0,0,0,0,0,0,0,0,2,0,0,0,0,0,0,0,11,2,1,1,80,0,0,0,,,0,0,2,0,0,0,1,1,0,0,0,9,0,1,0,9,5,5,1,3,19,5,79.17,62.5,66.67,3,0,0,0,0,0,0,0,0,0,0,0,0,0,0,0,0,0,0,,0,Liverpool EDP,1,,0,,0,,0,0,0,0,0
,,9,Owen Smith,,46,Boston Bolts U16 NALB,Boston Bolts U16 NALB vs. Liverpool EDP 2025-05-24,NA,5/24/2025 12:00:00 AM,Round 0524,5/24/2025 12:00:00 AM,0,0,1,0,0,0,0,0,0,0,0,0,0,0,0,0,0,1,0,0,0,100,0,0,,,,0,0,2,1,0,0,0,1,0,0,50,3,0,0,0,1,3,2,0,3,4,3,57.14,57.14,25,0,1,0,0,0,0,0,0,0,0,0,0,0,0,0,0,0,0,0,,0,Liverpool EDP,0,,0,,0,,0,0,0,0,0
,,10,Max Christiano,,73,Boston Bolts U16 NALB,Boston Bolts U16 NALB vs. Liverpool EDP 2025-05-24,NA,5/24/2025 12:00:00 AM,Round 0524,5/24/2025 12:00:00 AM,0,0,0,0,4,0,0,0,0,2,0,0,0,0,4,2,0,11,3,3,1,77.78,0,0,0,,,1,0,0,0,0,0,0,0,0,0,,11,0,0,3,16,1,7,0,4,27,4,87.1,64.52,80,0,0,1,0,0,0,0,0,0,0,0,0,0,0,0,0,0,0,0,,0,Liverpool EDP,1,,0,100,0,100,1,0,0,0,0
,,11,Matthew DeSantis,,45,Boston Bolts U16 NALB,Boston Bolts U16 NALB vs. Liverpool EDP 2025-05-24,NA,5/24/2025 12:00:00 AM,Round 0524,5/24/2025 12:00:00 AM,0,0,0,1,3,0,0,0,1,0,1,0,0,0,7,0,0,9,3,4,0,81.25,0,0,100,100,,0,0,0,0,0,0,0,0,1,0,,1,1,0,1,7,1,3,0,1,8,3,72.73,81.82,77.78,0,0,0,0,2,0,0,0,0,0,0,0,0,0,0,0,0,0,0,,0,Liverpool EDP,0,,0,,0,100,7,0,2,0,0
,,12,Liam Bazant,,71,Boston Bolts U16 NALB,Boston Bolts U16 NALB vs. Liverpool EDP 2025-05-24,NA,5/24/2025 12:00:00 AM,Round 0524,5/24/2025 12:00:00 AM,0,0,0,0,1,0,0,0,0,1,1,0,0,0,2,5,5,5,1,4,0,90,1,0,0,100,,0,0,0,0,0,0,0,0,0,0,,7,0,5,12,20,2,21,0,0,32,14,69.57,84.78,64.1,0,0,1,0,0,0,0,0,1,0,0,0,0,0,0,0,0,0,0,,0,Liverpool EDP,1,,0,,0,100,1,1,0,0,0
,,13,Alexander Lucas,,45,Boston Bolts U16 NALB,Boston Bolts U16 NALB vs. Liverpool EDP 2025-05-24,NA,5/24/2025 12:00:00 AM,Round 0524,5/24/2025 12:00:00 AM,0,0,0,0,1,0,0,0,1,0,0,0,0,0,1,0,0,2,0,2,1,80,0,0,100,,,0,0,1,0,0,0,1,0,1,0,0,2,0,0,0,4,2,1,0,2,6,2,75,75,66.67,0,0,0,0,0,0,0,0,0,0,0,0,0,0,0,0,0,0,0,,0,Liverpool EDP,1,,0,,0,100,1,0,2,0,0
,,19,Samuel Safi,,45,Boston Bolts U16 NALB,Boston Bolts U16 NALB vs. Liverpool EDP 2025-05-24,NA,5/24/2025 12:00:00 AM,Round 0524,5/24/2025 12:00:00 AM,0,0,0,0,5,0,0,0,0,1,0,0,0,0,0,0,0,2,0,1,0,100,0,0,0,,,2,0,0,0,0,0,0,0,1,1,,3,1,0,1,4,1,2,0,7,7,3,70,60,66.67,0,0,0,0,0,0,0,0,0,0,0,0,0,0,0,0,0,0,0,,0,Liverpool EDP,0,,0,100,2,71.43,0,0,2,0,0
,,24,Andrew Wenzel,,45,Boston Bolts U16 NALB,Boston Bolts U16 NALB vs. Liverpool EDP 2025-05-24,NA,5/24/2025 12:00:00 AM,Round 0524,5/24/2025 12:00:00 AM,0,0,0,0,1,0,0,0,0,1,0,0,0,0,0,0,0,4,0,1,1,83.33,0,1,0,,,0,0,1,0,0,0,0,1,0,1,0,2,0,2,0,8,3,4,0,1,12,3,80,86.67,76.92,0,0,0,0,0,0,0,0,0,0,0,0,0,0,0,0,0,0,0,,0,Liverpool EDP,0,,0,,0,100,4,0,0,0,0
,,31,Sawyer Jacobson,,45,Boston Bolts U16 NALB,Boston Bolts U16 NALB vs. Liverpool EDP 2025-05-24,NA,5/24/2025 12:00:00 AM,Round 0524,5/24/2025 12:00:00 AM,0,0,0,0,0,0,0,2,0,1,0,0,0,0,1,0,0,2,0,0,0,100,0,0,0,,,0,0,0,0,0,0,0,0,0,0,,0,0,0,0,17,1,0,0,0,17,1,94.44,100,94.44,0,0,0,0,0,0,0,0,0,0,0,0,0,4,0,3,0,1,0,33.33,0,Liverpool EDP,0,,0,,0,,0,5,0,0,16
,,99,Kai Mercer,,45,Boston Bolts U16 NALB,Boston Bolts U16 NALB vs. Liverpool EDP 2025-05-24,NA,5/24/2025 12:00:00 AM,Round 0524,5/24/2025 12:00:00 AM,0,0,0,0,1,0,0,1,0,0,1,0,0,0,0,0,1,0,1,0,0,0,0,0,,100,,0,0,0,0,0,0,0,0,0,0,,4,0,0,0,12,1,1,0,0,16,1,94.12,76.47,92.31,0,0,0,0,0,0,0,0,0,0,0,0,0,6,0,2,0,2,0,66.67,0,Liverpool EDP,1,,0,,0,100,0,8,0,0,20
,,14,Wyatt Conley,,53,Boston Bolts U16 NALB,Boston Bolts U16 NALB vs. Liverpool EDP 2025-05-24,NA,5/24/2025 12:00:00 AM,Round 0524,5/24/2025 12:00:00 AM,0,0,0,0,5,2,0,0,0,0,0,0,0,0,0,0,0,3,2,0,1,50,0,0,,,,1,0,2,0,1,1,0,0,1,2,50,3,1,0,0,3,2,2,2,6,6,3,66.67,55.56,60,0,0,0,0,0,0,0,0,0,0,0,0,0,0,0,0,0,0,0,,0,Liverpool EDP,1,,0,100,0,100,0,0,1,0,0
Round By Position Player,,,,,,,,,,,,,,,,,,,,,,,,,,,,,,,,,,,,,,,,,,,,,,,,,,,,,,,,,,,,,,,,,,,,,,,,,,,,,,,,,,,,,,,,,,,,,,,,
,,2,Oscar Robertson,,45,Boston Bolts U16 NALB,Boston Bolts U16 NALB vs. Liverpool EDP 2025-05-24,RB,5/24/2025 12:00:00 AM,Round 0524,5/24/2025 12:00:00 AM,0,0,0,0,0,0,0,0,0,2,0,0,0,0,1,2,0,4,0,2,0,100,0,0,0,,,0,0,0,0,0,0,0,0,0,2,,5,0,0,0,10,3,1,0,3,15,3,83.33,72.22,76.92,0,0,0,0,0,0,0,0,0,0,0,0,0,0,0,0,0,0,0,,0,Liverpool EDP,1,,0,,0,,7,0,1,0,0
,,3,Milo Brandon,,53,Boston Bolts U16 NALB,Boston Bolts U16 NALB vs. Liverpool EDP 2025-05-24,LW,5/24/2025 12:00:00 AM,Round 0524,5/24/2025 12:00:00 AM,0,0,0,0,1,1,0,0,1,3,0,0,0,0,0,0,0,2,1,0,1,50,0,0,25,,,0,0,3,0,0,1,1,1,0,0,33.33,6,0,0,2,6,2,3,0,1,12,4,75,62.5,60,0,0,0,0,1,0,0,0,0,0,0,0,0,0,0,0,0,0,0,,0,Liverpool EDP,1,,0,,0,100,1,0,0,0,0
,,4,Donovan Eaton,,66,Boston Bolts U16 NALB,Boston Bolts U16 NALB vs. Liverpool EDP 2025-05-24,CM,5/24/2025 12:00:00 AM,Round 0524,5/24/2025 12:00:00 AM,0,0,0,0,4,0,0,0,2,2,0,0,1,0,1,0,0,8,1,1,0,90,0,0,50,,100,0,0,0,0,0,0,0,0,1,0,,8,0,3,0,11,3,7,0,0,22,3,88,68,82.35,0,0,0,0,0,0,0,0,0,0,0,0,0,0,0,0,0,0,0,,0,Liverpool EDP,1,,0,,0,100,1,0,3,0,0
,,4,Donovan Eaton,,19,Boston Bolts U16 NALB,Boston Bolts U16 NALB vs. Liverpool EDP 2025-05-24,RCB,5/24/2025 12:00:00 AM,Round 0524,5/24/2025 12:00:00 AM,0,0,0,0,0,0,0,0,2,1,0,0,0,0,4,0,2,4,0,2,0,100,0,0,66.67,,,0,0,0,0,0,0,0,0,0,0,,2,0,1,3,4,0,4,0,0,7,3,70,80,62.5,0,0,0,0,0,0,0,0,0,0,0,0,0,0,0,0,0,0,0,,0,Liverpool EDP,0,,0,,0,,0,0,0,0,0
,,6,Kai Veson,,90,Boston Bolts U16 NALB,Boston Bolts U16 NALB vs. Liverpool EDP 2025-05-24,LCB,5/24/2025 12:00:00 AM,Round 0524,5/24/2025 12:00:00 AM,0,0,0,0,3,0,0,0,4,1,1,1,0,0,8,4,1,18,1,9,1,93.1,1,0,80,50,,1,0,0,0,0,0,0,0,0,0,,13,0,1,3,24,7,10,0,3,38,10,79.17,72.92,71.43,1,0,1,0,0,0,0,0,0,0,0,0,0,0,0,0,0,0,0,,0,Liverpool EDP,1,,0,100,0,100,0,0,0,0,0
,,7,Owen Spinney,,45,Boston Bolts U16 NALB,Boston Bolts U16 NALB vs. Liverpool EDP 2025-05-24,LB,5/24/2025 12:00:00 AM,Round 0524,5/24/2025 12:00:00 AM,0,0,0,0,6,0,0,0,0,0,0,0,0,0,1,0,0,5,0,6,0,100,0,0,,,,1,0,1,0,0,1,0,0,0,1,100,2,0,1,2,6,3,5,0,6,9,5,64.29,85.71,58.33,0,0,1,0,0,0,0,0,0,0,0,0,0,0,0,0,0,0,0,,0,Liverpool EDP,1,,0,100,0,100,15,0,0,0,0
,,8,Joseph Sousa,,23,Boston Bolts U16 NALB,Boston Bolts U16 NALB vs. Liverpool EDP 2025-05-24,CM,5/24/2025 12:00:00 AM,Round 0524,5/24/2025 12:00:00 AM,0,0,0,0,0,0,0,0,0,2,0,0,0,0,0,0,0,5,0,1,0,100,0,0,0,,,0,0,1,0,0,0,1,0,0,0,0,3,0,0,0,5,2,2,0,2,8,2,80,70,71.43,2,0,0,0,0,0,0,0,0,0,0,0,0,0,0,0,0,0,0,,0,Liverpool EDP,1,,0,,0,,0,0,0,0,0
,,8,Joseph Sousa,,54,Boston Bolts U16 NALB,Boston Bolts U16 NALB vs. Liverpool EDP 2025-05-24,DM,5/24/2025 12:00:00 AM,Round 0524,5/24/2025 12:00:00 AM,0,0,0,0,0,0,0,0,0,0,0,0,0,0,0,0,0,6,2,0,1,66.67,0,0,,,,0,0,1,0,0,0,0,1,0,0,0,6,0,1,0,4,3,3,1,1,11,3,78.57,57.14,62.5,1,0,0,0,0,0,0,0,0,0,0,0,0,0,0,0,0,0,0,,0,Liverpool EDP,0,,0,,0,,0,0,0,0,0
,,9,Owen Smith,,22,Boston Bolts U16 NALB,Boston Bolts U16 NALB vs. Liverpool EDP 2025-05-24,ATT,5/24/2025 12:00:00 AM,Round 0524,5/24/2025 12:00:00 AM,0,0,1,0,0,0,0,0,0,0,0,0,0,0,0,0,0,1,0,0,0,100,0,0,,,,0,0,2,1,0,0,0,1,0,0,50,3,0,0,0,1,0,1,0,2,4,0,100,25,100,0,1,0,0,0,0,0,0,0,0,0,0,0,0,0,0,0,0,0,,0,Liverpool EDP,0,,0,,0,,0,0,0,0,0
,,9,Owen Smith,,24,Boston Bolts U16 NALB,Boston Bolts U16 NALB vs. Liverpool EDP 2025-05-24,CM,5/24/2025 12:00:00 AM,Round 0524,5/24/2025 12:00:00 AM,0,0,0,0,0,0,0,0,0,0,0,0,0,0,0,0,0,0,0,0,0,,0,0,,,,0,0,0,0,0,0,0,0,0,0,,0,0,0,0,0,3,1,0,1,0,3,0,100,0,0,0,0,0,0,0,0,0,0,0,0,0,0,0,0,0,0,0,0,,0,Liverpool EDP,0,,0,,0,,0,0,0,0,0
,,10,Max Christiano,,73,Boston Bolts U16 NALB,Boston Bolts U16 NALB vs. Liverpool EDP 2025-05-24,DM,5/24/2025 12:00:00 AM,Round 0524,5/24/2025 12:00:00 AM,0,0,0,0,4,0,0,0,0,2,0,0,0,0,4,2,0,11,3,3,1,77.78,0,0,0,,,1,0,0,0,0,0,0,0,0,0,,11,0,0,3,16,1,7,0,4,27,4,87.1,64.52,80,0,0,1,0,0,0,0,0,0,0,0,0,0,0,0,0,0,0,0,,0,Liverpool EDP,1,,0,100,0,100,1,0,0,0,0
,,11,Matthew DeSantis,,45,Boston Bolts U16 NALB,Boston Bolts U16 NALB vs. Liverpool EDP 2025-05-24,LB,5/24/2025 12:00:00 AM,Round 0524,5/24/2025 12:00:00 AM,0,0,0,1,3,0,0,0,1,0,1,0,0,0,7,0,0,9,3,4,0,81.25,0,0,100,100,,0,0,0,0,0,0,0,0,1,0,,1,1,0,1,7,1,3,0,1,8,3,72.73,81.82,77.78,0,0,0,0,2,0,0,0,0,0,0,0,0,0,0,0,0,0,0,,0,Liverpool EDP,0,,0,,0,100,7,0,2,0,0
,,12,Liam Bazant,,71,Boston Bolts U16 NALB,Boston Bolts U16 NALB vs. Liverpool EDP 2025-05-24,RCB,5/24/2025 12:00:00 AM,Round 0524,5/24/2025 12:00:00 AM,0,0,0,0,1,0,0,0,0,1,1,0,0,0,2,5,5,5,1,4,0,90,1,0,0,100,,0,0,0,0,0,0,0,0,0,0,,7,0,5,12,20,2,21,0,0,32,14,69.57,84.78,64.1,0,0,1,0,0,0,0,0,1,0,0,0,0,0,0,0,0,0,0,,0,Liverpool EDP,1,,0,,0,100,1,1,0,0,0
,,13,Alexander Lucas,,45,Boston Bolts U16 NALB,Boston Bolts U16 NALB vs. Liverpool EDP 2025-05-24,RW,5/24/2025 12:00:00 AM,Round 0524,5/24/2025 12:00:00 AM,0,0,0,0,1,0,0,0,1,0,0,0,0,0,1,0,0,2,0,2,1,80,0,0,100,,,0,0,1,0,0,0,1,0,1,0,0,2,0,0,0,4,2,1,0,2,6,2,75,75,66.67,0,0,0,0,0,0,0,0,0,0,0,0,0,0,0,0,0,0,0,,0,Liverpool EDP,1,,0,,0,100,1,0,2,0,0
,,19,Samuel Safi,,45,Boston Bolts U16 NALB,Boston Bolts U16 NALB vs. Liverpool EDP 2025-05-24,RW,5/24/2025 12:00:00 AM,Round 0524,5/24/2025 12:00:00 AM,0,0,0,0,5,0,0,0,0,1,0,0,0,0,0,0,0,2,0,1,0,100,0,0,0,,,2,0,0,0,0,0,0,0,1,1,,3,1,0,1,4,1,2,0,7,7,3,70,60,66.67,0,0,0,0,0,0,0,0,0,0,0,0,0,0,0,0,0,0,0,,0,Liverpool EDP,0,,0,100,2,71.43,0,0,2,0,0
,,24,Andrew Wenzel,,45,Boston Bolts U16 NALB,Boston Bolts U16 NALB vs. Liverpool EDP 2025-05-24,RB,5/24/2025 12:00:00 AM,Round 0524,5/24/2025 12:00:00 AM,0,0,0,0,1,0,0,0,0,1,0,0,0,0,0,0,0,4,0,1,1,83.33,0,1,0,,,0,0,1,0,0,0,0,1,0,1,0,2,0,2,0,8,3,4,0,1,12,3,80,86.67,76.92,0,0,0,0,0,0,0,0,0,0,0,0,0,0,0,0,0,0,0,,0,Liverpool EDP,0,,0,,0,100,4,0,0,0,0
,,31,Sawyer Jacobson,,45,Boston Bolts U16 NALB,Boston Bolts U16 NALB vs. Liverpool EDP 2025-05-24,GK,5/24/2025 12:00:00 AM,Round 0524,5/24/2025 12:00:00 AM,0,0,0,0,0,0,0,2,0,1,0,0,0,0,1,0,0,2,0,0,0,100,0,0,0,,,0,0,0,0,0,0,0,0,0,0,,0,0,0,0,17,1,0,0,0,17,1,94.44,100,94.44,0,0,0,0,0,0,0,0,0,0,0,0,0,4,0,3,0,1,0,33.33,0,Liverpool EDP,0,,0,,0,,0,5,0,0,16
,,99,Kai Mercer,,45,Boston Bolts U16 NALB,Boston Bolts U16 NALB vs. Liverpool EDP 2025-05-24,GK,5/24/2025 12:00:00 AM,Round 0524,5/24/2025 12:00:00 AM,0,0,0,0,1,0,0,1,0,0,1,0,0,0,0,0,1,0,1,0,0,0,0,0,,100,,0,0,0,0,0,0,0,0,0,0,,4,0,0,0,12,1,1,0,0,16,1,94.12,76.47,92.31,0,0,0,0,0,0,0,0,0,0,0,0,0,6,0,2,0,2,0,66.67,0,Liverpool EDP,1,,0,,0,100,0,8,0,0,20
,,14,Wyatt Conley,,53,Boston Bolts U16 NALB,Boston Bolts U16 NALB vs. Liverpool EDP 2025-05-24,ATT,5/24/2025 12:00:00 AM,Round 0524,5/24/2025 12:00:00 AM,0,0,0,0,5,2,0,0,0,0,0,0,0,0,0,0,0,3,2,0,1,50,0,0,,,,1,0,2,0,1,1,0,0,1,2,50,3,1,0,0,3,2,2,2,6,6,3,66.67,55.56,60,0,0,0,0,0,0,0,0,0,0,0,0,0,0,0,0,0,0,0,,0,Liverpool EDP,1,,0,100,0,100,0,0,1,0,0
Round By Team,,,,,,,,,,,,,,,,,,,,,,,,,,,,,,,,,,,,,,,,,,,,,,,,,,,,,,,,,,,,,,,,,,,,,,,,,,,,,,,,,,,,,,,,,,,,,,,,
,,-1,NA,,908,Boston Bolts U16 NALB,Boston Bolts U16 NALB vs. Liverpool EDP 2025-05-24,NA,5/24/2025 12:00:00 AM,Round 0524,5/24/2025 12:00:00 AM,0,0,1,1,35,3,0,3,11,17,4,1,1,0,30,13,9,91,15,36,7,85.23,2,1,39.29,80,100,6,0,12,1,1,3,3,4,5,7,33.33,81,3,14,27,162,40,78,3,40,257,70,78.59,74.31,72.43,4,1,4,0,3,0,0,0,1,0,0,0,0,10,0,5,0,3,0,50,0,Liverpool EDP,11,,0,100,2,94.59,38,14,11,0,36
Running By Player,,,,,,,,,,,,,,,,,,,,,,,,,,,,,,,,,,,,,,,,,,,,,,,,,,,,,,,,,,,,,,,,,,,,,,,,,,,,,,,,,,,,,,,,,,,,,,,,
,,2,Oscar Robertson,,1817,Boston Bolts U16 NALB,NA,"LB,RB,RCB,RW",5/24/2025 12:00:00 AM,Round 0524,,0,0,3,1,68,0,0,0,38,11,0,0,4,2,19,8,11,158,65,78,47,67.82,1,5,77.55,,66.67,9,0,22,0,0,8,12,2,25,29,36.36,327,12,9,22,419,172,83,15,81,755,206,78.56,64.72,68.81,11,3,33,5,3,1,4,1,0,1,0,0,0,0,0,0,0,0,0,,0,NA,19,,0,100,3,95.77,276,0,30,0,0
,,3,Milo Brandon,,1504,Boston Bolts U16 NALB,NA,"LB,LCB,LW,RW",5/24/2025 12:00:00 AM,Round 0524,,0,0,8,2,72,12,0,0,32,12,0,1,6,5,22,7,17,79,34,56,32,67.16,2,2,72.73,0,54.55,25,3,42,2,2,16,17,5,18,45,42.86,140,12,20,22,192,93,58,20,106,352,127,73.49,68.27,64.83,22,8,13,3,16,5,21,1,0,0,0,0,0,0,0,0,0,0,0,,0,NA,15,,0,100,10,87.8,75,1,26,0,1
,,4,Donovan Eaton,,1423,Boston Bolts U16 NALB,NA,"CM,DM,RCB,RW",5/24/2025 12:00:00 AM,Round 0524,,0,0,5,5,57,3,0,0,65,21,1,0,9,3,10,1,3,147,42,45,35,71.38,1,1,75.58,100,75,20,3,30,2,0,13,8,7,6,18,50,199,15,15,14,254,104,67,25,63,468,133,77.87,64.39,69.51,21,5,5,0,7,0,1,0,0,0,0,0,0,0,0,0,0,0,0,,0,NA,16,,0,100,4,93.44,6,0,20,0,0
,,5,Dean Ezzat,,1408,Boston Bolts U16 NALB,NA,"DM,LCB,RCB",5/24/2025 12:00:00 AM,Round 0524,,0,0,0,1,44,1,0,0,38,13,1,2,7,6,18,3,17,116,57,92,45,67.1,3,1,74.51,33.33,53.85,9,1,5,1,1,1,2,0,1,3,40,285,17,10,12,282,121,41,8,48,577,150,79.37,58.46,68.71,9,0,2,1,0,0,0,0,1,0,0,0,0,0,0,0,0,0,0,,0,NA,14,,0,100,1,97.78,4,0,5,0,0
,,6,Kai Veson,,1155,Boston Bolts U16 NALB,NA,"CM,DM,LCB,LW,RB,RCB",5/24/2025 12:00:00 AM,Round 0524,,0,0,2,2,44,1,0,0,35,12,2,1,8,6,19,7,14,114,33,39,28,71.5,2,2,74.47,66.67,57.14,9,1,15,0,0,3,9,3,2,7,20,208,10,30,27,268,89,87,11,35,506,126,80.06,65.51,71.98,10,2,21,6,2,0,6,0,1,0,0,0,0,0,0,0,0,0,0,,0,NA,13,,0,100,1,97.78,6,0,12,0,0
,,7,Owen Spinney,,1391,Boston Bolts U16 NALB,NA,"ATT,LB,LCB,LW,RCB,RW",5/24/2025 12:00:00 AM,Round 0524,,0,0,3,1,94,4,0,0,34,13,6,2,6,1,20,4,8,118,53,56,42,64.68,5,3,72.34,75,85.71,20,1,39,4,2,14,10,9,4,24,46.15,216,16,34,61,215,123,108,15,92,465,200,69.92,65.11,57.51,6,3,18,6,1,1,1,0,0,0,0,0,0,0,0,0,0,0,0,,0,NA,19,,0,100,8,92.16,42,0,13,0,0
,,8,Joseph Sousa,,1505,Boston Bolts U16 NALB,NA,"CM,DM,RM",5/24/2025 12:00:00 AM,Round 0524,,0,0,4,1,21,2,0,0,46,12,1,0,5,1,11,0,6,141,69,72,29,68.49,3,3,79.31,100,83.33,6,1,30,1,2,11,8,8,1,5,40,319,14,15,10,279,138,78,16,53,613,162,79.1,57.03,66.52,13,4,13,2,0,0,1,0,0,0,0,0,0,0,0,0,0,0,0,,0,NA,21,,0,100,1,95.45,2,0,15,0,0
,,9,Owen Smith,,1432,Boston Bolts U16 NALB,NA,"ATT,CM,LW",5/24/2025 12:00:00 AM,Round 0524,,0,0,11,6,15,12,0,0,24,13,0,0,0,2,4,1,0,75,31,37,19,69.14,1,0,64.86,,0,12,1,64,5,4,29,14,12,2,12,53.13,197,25,7,6,127,66,25,25,113,331,97,77.34,48.13,65.05,16,11,5,4,11,1,7,1,0,1,0,0,0,0,0,0,0,0,0,,0,NA,15,,0,100,1,93.75,11,0,39,0,0
,,10,Max Christiano,,1585,Boston Bolts U16 NALB,NA,"CM,DM,LM,LW",5/24/2025 12:00:00 AM,Round 0524,,1,0,5,7,57,4,0,0,71,26,3,1,4,2,17,3,5,135,70,72,74,58.97,4,1,73.2,75,66.67,33,3,27,0,2,11,11,3,8,14,40.74,228,7,10,28,258,132,79,19,89,496,167,74.81,64.56,62.62,23,5,8,0,18,0,35,1,0,1,0,0,0,0,0,0,0,0,0,,0,NA,21,,0,100,3,95,11,0,35,0,0
,,11,Matthew DeSantis,,1436,Boston Bolts U16 NALB,NA,"LB,LW,RW",5/24/2025 12:00:00 AM,Round 0524,,0,0,3,4,84,3,1,1,37,8,1,0,4,4,37,4,7,93,51,59,26,66.38,6,1,82.22,100,50,25,0,24,1,0,10,12,1,12,36,45.83,128,9,11,17,176,84,41,6,85,315,110,74.12,67.76,64.93,10,3,10,3,4,2,3,0,0,0,0,0,0,0,0,0,0,0,0,0,0,NA,15,,0,100,8,91.3,160,0,20,0,0
,,12,Liam Bazant,,1935,Boston Bolts U16 NALB,NA,"LCB,RCB",5/24/2025 12:00:00 AM,Round 0524,,0,0,1,0,12,1,0,0,34,10,5,2,19,8,56,9,35,184,66,70,46,69.4,6,2,77.27,71.43,70.37,4,0,10,2,0,3,2,3,2,4,50,413,9,118,139,436,128,235,15,15,967,276,77.8,66.05,67.48,0,1,19,3,0,0,0,0,1,0,0,0,0,0,0,0,0,0,0,,0,NA,23,,0,100,0,100,3,1,9,0,0
,,13,Alexander Lucas,,829,Boston Bolts U16 NALB,NA,"CM,LW,RB,RW",5/24/2025 12:00:00 AM,Round 0524,,0,0,5,2,50,8,0,0,21,7,2,1,2,0,9,0,2,42,15,26,19,66.67,0,0,75,66.67,100,23,2,22,0,0,14,5,3,10,15,63.64,106,17,2,0,107,60,16,14,85,215,77,73.63,57.88,64.5,9,5,2,0,2,0,2,0,0,0,0,0,0,0,0,0,0,0,0,,0,NA,7,,0,100,3,94.34,17,0,16,0,0
,,17,Brandon Park,,1263,Boston Bolts U16 NALB,NA,"ATT,CM,LM,LW,RCB,RW",5/24/2025 12:00:00 AM,Round 0524,,0,0,7,3,78,1,0,0,40,11,4,1,4,3,9,1,3,76,24,46,38,66.3,2,0,78.43,80,57.14,36,4,25,2,3,6,7,7,8,30,32,196,20,3,9,162,89,39,20,79,361,118,75.37,54.91,62.74,17,7,3,0,0,0,0,0,0,0,0,0,0,0,0,0,0,0,0,,0,NA,19,,0,100,6,92.86,7,0,24,0,0
,,19,Samuel Safi,,1443,Boston Bolts U16 NALB,NA,"CM,LW,RW",5/24/2025 12:00:00 AM,Round 0524,,0,0,6,8,111,14,0,0,26,8,0,0,0,0,4,1,3,42,33,25,33,50.38,0,0,76.47,,,46,0,48,0,4,19,17,8,15,54,39.58,174,25,5,11,123,74,34,26,196,302,110,73.3,51.7,60.09,6,6,3,0,2,3,5,0,0,0,0,0,0,0,0,0,0,0,0,,0,NA,16,,0,100,17,86.72,16,0,36,0,0
,,24,Andrew Wenzel,,1236,Boston Bolts U16 NALB,NA,"LB,LCB,RB,RCB",5/24/2025 12:00:00 AM,Round 0524,,0,0,1,1,25,1,0,0,16,4,15,3,11,12,16,11,14,109,48,58,43,64.73,5,3,80,83.33,47.83,4,1,12,1,1,3,5,2,3,14,33.33,216,11,21,28,268,121,70,6,43,505,160,75.94,65.86,65.98,9,1,14,3,0,0,0,0,0,0,0,0,0,0,0,0,0,0,0,,0,NA,16,,0,100,0,100,134,0,6,0,0
,,31,Sawyer Jacobson,,1160,Boston Bolts U16 NALB,NA,GK,5/24/2025 12:00:00 AM,Round 0524,,0,0,0,0,1,0,0,21,0,1,1,0,1,1,7,0,6,25,3,2,0,90,0,0,0,100,50,0,0,0,0,0,0,0,0,0,0,,47,0,37,30,273,17,45,0,1,357,47,88.37,88.37,86.83,3,0,8,2,0,0,0,0,1,0,0,77,4,10,0,92,2,36,17,71.62,12,NA,14,,0,,0,100,0,135,0,0,384
,,99,Kai Mercer,,960,Boston Bolts U16 NALB,NA,GK,5/24/2025 12:00:00 AM,Round 0524,,0,0,0,0,1,1,0,16,3,1,2,0,0,0,4,0,5,26,7,5,1,79.49,0,0,75,100,,0,0,0,0,0,0,0,0,0,0,,67,1,15,36,221,12,24,0,1,303,49,86.08,80.68,83.1,2,0,3,1,0,0,0,0,0,0,0,80,4,12,2,70,3,34,12,74.19,11,NA,10,,0,,0,100,1,132,0,0,343
,,0,Dylan Jacobson,,130,Boston Bolts U16 NALB,NA,GK,5/24/2025 12:00:00 AM,Round 0524,,0,0,0,0,0,0,0,4,0,0,0,0,0,0,0,0,0,0,0,0,0,,0,0,,,,0,0,0,0,0,0,0,0,0,0,,28,0,5,0,22,0,7,0,0,55,0,100,49.09,100,0,0,0,0,0,0,0,0,0,0,0,5,0,3,0,4,0,1,2,42.86,2,NA,2,,0,,0,,0,2,0,0,43
,,14,Wyatt Conley,,1017,Boston Bolts U16 NALB,NA,"ATT,LW,RW",5/24/2025 12:00:00 AM,Round 0524,,0,0,14,5,61,10,0,0,13,4,0,0,0,0,1,1,1,34,15,15,13,63.64,1,0,76.47,,,29,4,48,4,8,27,4,5,9,21,64.58,143,27,3,3,87,46,14,31,114,233,76,75.4,44.98,64.75,11,14,1,0,0,0,0,0,0,0,0,0,0,0,0,0,0,0,0,,0,NA,11,,0,100,7,89.71,3,1,20,0,0
Running By Position Player,,,,,,,,,,,,,,,,,,,,,,,,,,,,,,,,,,,,,,,,,,,,,,,,,,,,,,,,,,,,,,,,,,,,,,,,,,,,,,,,,,,,,,,,,,,,,,,,
,,2,Oscar Robertson,,22,Boston Bolts U16 NALB,NA,LB,5/24/2025 12:00:00 AM,Round 0524,,0,0,0,0,1,0,0,0,1,0,0,0,0,1,1,0,0,3,1,2,0,83.33,0,0,100,,0,0,0,0,0,0,0,0,0,0,1,,6,0,0,1,2,3,0,1,1,8,4,66.67,50,33.33,0,0,0,0,0,0,0,0,0,0,0,0,0,0,0,0,0,0,0,,0,NA,1,,0,,0,100,4,0,0,0,0
,,2,Oscar Robertson,,1690,Boston Bolts U16 NALB,NA,RB,5/24/2025 12:00:00 AM,Round 0524,,0,0,3,1,64,0,0,0,37,10,0,0,4,1,17,8,9,145,61,74,46,67.18,1,5,78.72,,80,8,0,22,0,0,8,12,2,24,26,36.36,295,10,9,20,401,163,79,14,73,705,193,78.51,66.04,69.14,10,3,31,4,3,1,4,1,0,1,0,0,0,0,0,0,0,0,0,,0,NA,18,,0,100,3,95.52,265,0,27,0,0
,,2,Oscar Robertson,,54,Boston Bolts U16 NALB,NA,RCB,5/24/2025 12:00:00 AM,Round 0524,,0,0,0,0,3,0,0,0,0,0,0,0,0,0,0,0,0,6,3,0,1,60,0,0,,,,0,0,0,0,0,0,0,0,0,1,,19,1,0,0,10,4,1,0,4,29,5,85.29,41.18,71.43,1,0,1,0,0,0,0,0,0,0,0,0,0,0,0,0,0,0,0,,0,NA,0,,0,,0,100,2,0,1,0,0
,,2,Oscar Robertson,,51,Boston Bolts U16 NALB,NA,RW,5/24/2025 12:00:00 AM,Round 0524,,0,0,0,0,0,0,0,0,0,1,0,0,0,0,1,0,2,4,0,2,0,100,0,0,0,,,1,0,0,0,0,0,0,0,1,1,,7,1,0,1,6,2,3,0,3,13,4,76.47,52.94,66.67,0,0,1,1,0,0,0,0,0,0,0,0,0,0,0,0,0,0,0,,0,NA,0,,0,100,0,,5,0,2,0,0
,,3,Milo Brandon,,422,Boston Bolts U16 NALB,NA,LB,5/24/2025 12:00:00 AM,Round 0524,,0,0,0,0,30,0,0,0,12,3,0,1,2,3,12,1,4,36,17,20,12,65.88,0,1,80,0,40,6,0,6,0,0,3,3,0,0,14,50,62,1,6,10,74,43,25,7,18,142,54,72.45,67.86,60.15,2,0,4,0,2,1,5,0,0,0,0,0,0,0,0,0,0,0,0,,0,NA,8,,0,100,3,90.91,53,0,3,0,1
,,3,Milo Brandon,,118,Boston Bolts U16 NALB,NA,LCB,5/24/2025 12:00:00 AM,Round 0524,,0,0,0,0,4,1,0,0,1,1,0,0,1,0,4,1,3,8,2,13,5,75,0,1,50,,100,0,0,1,0,1,0,0,0,0,0,0,15,1,2,3,41,8,7,1,4,58,12,82.86,77.14,79.63,2,0,2,0,1,0,0,0,0,0,0,0,0,0,0,0,0,0,0,,0,NA,0,,0,,1,80,0,0,1,0,0
,,3,Milo Brandon,,737,Boston Bolts U16 NALB,NA,LW,5/24/2025 12:00:00 AM,Round 0524,,0,0,3,1,28,9,0,0,17,6,0,0,1,1,5,4,10,23,11,19,9,67.74,2,0,73.91,,50,11,3,21,1,1,6,11,2,14,29,33.33,42,6,6,5,53,30,18,5,60,101,41,71.13,66.2,62.77,15,3,3,2,7,4,13,1,0,0,0,0,0,0,0,0,0,0,0,,0,NA,6,,0,100,4,87.5,14,0,14,0,0
,,3,Milo Brandon,,227,Boston Bolts U16 NALB,NA,RW,5/24/2025 12:00:00 AM,Round 0524,,0,0,5,1,10,2,0,0,2,2,0,0,2,1,1,1,0,12,4,4,6,61.54,0,0,50,,66.67,8,0,14,1,0,7,3,3,4,2,57.14,21,4,6,4,24,12,8,7,24,51,20,71.83,64.79,65.22,3,5,4,1,6,0,3,0,0,0,0,0,0,0,0,0,0,0,0,,0,NA,1,,0,100,2,83.33,8,1,8,0,0
,,4,Donovan Eaton,,1218,Boston Bolts U16 NALB,NA,CM,5/24/2025 12:00:00 AM,Round 0524,,0,0,5,4,52,1,0,0,51,18,1,0,7,3,6,1,1,122,37,38,31,70.18,1,1,73.91,100,70,17,3,26,2,0,13,4,7,6,15,57.69,166,13,13,9,206,93,56,20,58,385,115,77,64.2,68.22,20,5,5,0,7,0,1,0,0,0,0,0,0,0,0,0,0,0,0,,0,NA,14,,0,100,4,92.86,6,0,17,0,0
,,4,Donovan Eaton,,137,Boston Bolts U16 NALB,NA,DM,5/24/2025 12:00:00 AM,Round 0524,,0,0,0,0,2,0,0,0,11,2,0,0,0,0,0,0,0,15,3,4,3,76,0,0,84.62,,,1,0,1,0,0,0,1,0,0,2,0,27,2,0,0,28,7,5,1,3,55,9,85.94,54.69,80,1,0,0,0,0,0,0,0,0,0,0,0,0,0,0,0,0,0,0,,0,NA,2,,0,100,0,100,0,0,0,0,0
,,4,Donovan Eaton,,35,Boston Bolts U16 NALB,NA,RCB,5/24/2025 12:00:00 AM,Round 0524,,0,0,0,1,1,0,0,0,2,1,0,0,0,0,4,0,2,7,0,2,0,100,0,0,66.67,,,0,0,0,0,0,0,0,0,0,0,,3,0,2,4,14,1,6,1,0,19,5,79.17,87.5,76.19,0,0,0,0,0,0,0,0,0,0,0,0,0,0,0,0,0,0,0,,0,NA,0,,0,,0,100,0,0,1,0,0
,,4,Donovan Eaton,,33,Boston Bolts U16 NALB,NA,RW,5/24/2025 12:00:00 AM,Round 0524,,0,0,0,0,2,2,0,0,1,0,0,0,2,0,0,0,0,3,2,1,1,57.14,0,0,100,,100,2,0,3,0,0,0,3,0,0,1,0,3,0,0,1,6,3,0,3,2,9,4,69.23,76.92,60,0,0,0,0,0,0,0,0,0,0,0,0,0,0,0,0,0,0,0,,0,NA,0,,0,100,0,100,0,0,2,0,0
,,5,Dean Ezzat,,698,Boston Bolts U16 NALB,NA,DM,5/24/2025 12:00:00 AM,Round 0524,,0,0,0,0,27,0,0,0,28,9,1,1,6,3,8,3,7,63,31,50,21,68.48,0,0,75.68,50,66.67,7,1,3,0,1,1,1,0,0,2,33.33,156,14,3,2,134,60,20,5,34,293,76,79.4,53.93,68.84,5,0,0,0,0,0,0,0,0,0,0,0,0,0,0,0,0,0,0,,0,NA,6,,0,100,1,96.43,0,0,4,0,0
,,5,Dean Ezzat,,682,Boston Bolts U16 NALB,NA,LCB,5/24/2025 12:00:00 AM,Round 0524,,0,0,0,1,17,1,0,0,10,4,0,1,1,3,10,0,9,53,26,40,23,65.49,3,1,71.43,0,25,2,0,2,1,0,0,1,0,1,1,50,125,3,7,10,147,58,21,3,13,279,71,79.71,63.43,69.37,4,0,2,1,0,0,0,0,1,0,0,0,0,0,0,0,0,0,0,,0,NA,8,,0,100,0,100,4,0,1,0,0
,,5,Dean Ezzat,,28,Boston Bolts U16 NALB,NA,RCB,5/24/2025 12:00:00 AM,Round 0524,,0,0,0,0,0,0,0,0,0,0,0,0,0,0,0,0,1,0,0,2,1,66.67,0,0,,,,0,0,0,0,0,0,0,0,0,0,,4,0,0,0,1,3,0,0,1,5,3,62.5,50,25,0,0,0,0,0,0,0,0,0,0,0,0,0,0,0,0,0,0,0,,0,NA,0,,0,,0,,0,0,0,0,0
,,6,Kai Veson,,357,Boston Bolts U16 NALB,NA,CM,5/24/2025 12:00:00 AM,Round 0524,,0,0,1,1,7,1,0,0,16,6,1,0,2,1,1,1,4,30,12,10,11,63.49,0,0,72.73,100,66.67,6,1,13,0,0,2,8,3,0,3,15.38,64,6,3,4,42,28,13,6,23,109,38,74.15,52.38,58.44,1,1,4,2,0,0,5,0,0,0,0,0,0,0,0,0,0,0,0,,0,NA,5,,0,100,0,100,0,0,7,0,0
,,6,Kai Veson,,44,Boston Bolts U16 NALB,NA,DM,5/24/2025 12:00:00 AM,Round 0524,,0,0,0,0,0,0,0,0,3,0,0,0,0,1,0,0,1,2,0,0,2,50,0,1,100,,0,0,0,0,0,0,0,0,0,0,0,,7,1,0,0,7,6,0,0,0,14,7,66.67,61.9,53.85,0,0,1,0,1,0,0,0,0,0,0,0,0,0,0,0,0,0,0,,0,NA,0,,0,,0,,0,0,1,0,0
,,6,Kai Veson,,344,Boston Bolts U16 NALB,NA,LCB,5/24/2025 12:00:00 AM,Round 0524,,0,0,0,0,13,0,0,0,7,4,1,1,4,0,14,4,3,45,8,19,4,84.21,1,0,63.64,50,100,2,0,1,0,0,0,1,0,0,1,0,69,1,12,9,113,23,39,1,6,194,33,85.46,69.16,79.62,3,0,4,2,0,0,1,0,1,0,0,0,0,0,0,0,0,0,0,,0,NA,5,,0,100,0,100,0,0,1,0,0
,,6,Kai Veson,,2,Boston Bolts U16 NALB,NA,LW,5/24/2025 12:00:00 AM,Round 0524,,0,0,0,0,0,0,0,0,0,0,0,0,0,0,0,0,0,0,0,0,0,,0,0,,,,0,0,0,0,0,0,0,0,0,0,,0,0,0,0,1,0,0,0,0,1,0,100,100,100,0,0,0,0,0,0,0,0,0,0,0,0,0,0,0,0,0,0,0,,0,NA,0,,0,,0,,0,0,0,0,0
,,6,Kai Veson,,85,Boston Bolts U16 NALB,NA,RB,5/24/2025 12:00:00 AM,Round 0524,,0,0,1,0,1,0,0,0,3,0,0,0,0,0,0,1,3,7,4,2,5,50,0,1,100,,,0,0,1,0,0,1,0,0,1,1,100,9,2,1,1,15,8,2,1,2,25,11,69.44,69.44,64,1,1,4,1,1,0,0,0,0,0,0,0,0,0,0,0,0,0,0,,0,NA,2,,0,,0,100,6,0,2,0,0
,,6,Kai Veson,,323,Boston Bolts U16 NALB,NA,RCB,5/24/2025 12:00:00 AM,Round 0524,,0,0,0,1,23,0,0,0,6,2,0,0,2,4,4,1,3,30,9,8,6,71.7,1,0,75,,33.33,1,0,0,0,0,0,0,0,1,2,,59,0,14,13,90,24,33,3,4,163,37,81.5,70.5,73.76,5,0,8,1,0,0,0,0,0,0,0,0,0,0,0,0,0,0,0,,0,NA,1,,0,100,1,95.83,0,0,1,0,0
,,7,Owen Spinney,,41,Boston Bolts U16 NALB,NA,ATT,5/24/2025 12:00:00 AM,Round 0524,,0,0,0,0,2,1,0,0,3,0,0,0,0,0,1,0,0,1,0,1,0,100,0,0,100,,,0,0,2,0,0,0,1,1,0,1,0,4,0,0,0,2,6,1,1,7,6,6,50,66.67,25,0,0,0,0,0,0,0,0,0,0,0,0,0,0,0,0,0,0,0,,0,NA,1,,0,,0,100,1,0,1,0,0
,,7,Owen Spinney,,84,Boston Bolts U16 NALB,NA,LB,5/24/2025 12:00:00 AM,Round 0524,,0,0,0,0,9,0,0,0,1,0,0,0,0,0,1,0,0,7,0,10,2,89.47,0,0,100,,,2,0,4,1,0,2,0,1,0,3,75,6,1,2,3,11,6,8,0,7,19,10,65.52,75.86,59.09,0,0,1,0,0,0,0,0,0,0,0,0,0,0,0,0,0,0,0,,0,NA,1,,0,100,0,100,22,0,2,0,0
,,7,Owen Spinney,,752,Boston Bolts U16 NALB,NA,LCB,5/24/2025 12:00:00 AM,Round 0524,,0,0,0,0,55,0,0,0,16,5,3,2,4,1,12,4,6,76,39,35,20,65.29,4,3,76.19,60,80,8,0,10,0,0,3,4,3,2,0,30,152,7,24,50,152,64,83,7,36,328,121,73.05,64.59,60.69,4,0,11,4,0,0,0,0,0,0,0,0,0,0,0,0,0,0,0,,0,NA,11,,0,100,3,94.83,11,0,3,0,0
,,7,Owen Spinney,,388,Boston Bolts U16 NALB,NA,LW,5/24/2025 12:00:00 AM,Round 0524,,0,0,1,1,21,3,0,0,11,5,3,0,2,0,5,0,1,30,11,9,15,60,1,0,68.75,100,100,7,1,15,1,2,5,3,4,2,17,40,38,7,6,5,41,32,12,5,32,85,44,65.89,65.12,55.95,1,1,4,2,1,1,1,0,0,0,0,0,0,0,0,0,0,0,0,,0,NA,6,,0,100,5,80.77,7,0,6,0,0
,,7,Owen Spinney,,15,Boston Bolts U16 NALB,NA,RCB,5/24/2025 12:00:00 AM,Round 0524,,0,0,0,0,0,0,0,0,0,0,0,0,0,0,0,0,0,1,1,0,1,33.33,0,0,,,,0,0,0,0,0,0,0,0,0,1,,1,0,1,1,5,2,1,1,1,7,3,70,90,66.67,0,0,2,0,0,0,0,0,0,0,0,0,0,0,0,0,0,0,0,,0,NA,0,,0,,0,,0,0,0,0,0
,,7,Owen Spinney,,111,Boston Bolts U16 NALB,NA,RW,5/24/2025 12:00:00 AM,Round 0524,,0,0,2,0,7,0,0,0,3,3,0,0,0,0,1,0,1,3,2,1,4,40,0,0,50,,,3,0,8,2,0,4,2,0,0,2,75,15,1,1,2,4,13,3,1,9,20,16,55.56,55.56,25,1,2,0,0,0,0,0,0,0,0,0,0,0,0,0,0,0,0,0,,0,NA,0,,0,100,0,100,1,0,1,0,0
,,8,Joseph Sousa,,342,Boston Bolts U16 NALB,NA,CM,5/24/2025 12:00:00 AM,Round 0524,,0,0,0,0,5,0,0,0,16,2,0,0,2,0,2,0,0,32,11,16,3,77.42,1,0,88.89,,100,1,0,8,0,1,3,3,1,0,1,37.5,65,2,3,2,73,36,24,6,12,141,40,77.9,62.98,66.67,4,0,1,1,0,0,1,0,0,0,0,0,0,0,0,0,0,0,0,,0,NA,5,,0,100,0,100,1,0,3,0,0
,,8,Joseph Sousa,,1083,Boston Bolts U16 NALB,NA,DM,5/24/2025 12:00:00 AM,Round 0524,,0,0,4,1,15,1,0,0,29,7,1,0,3,1,8,0,6,106,54,46,20,67.26,2,3,80.56,100,75,5,1,20,1,1,8,4,6,1,4,45,237,11,11,7,194,95,52,8,35,442,113,79.64,55.32,66.78,9,4,12,1,0,0,0,0,0,0,0,0,0,0,0,0,0,0,0,,0,NA,15,,0,100,1,93.75,1,0,10,0,0
,,8,Joseph Sousa,,80,Boston Bolts U16 NALB,NA,RM,5/24/2025 12:00:00 AM,Round 0524,,0,0,0,0,1,1,0,0,1,3,0,0,0,0,1,0,0,3,4,10,6,56.52,0,0,25,,,0,0,2,0,0,0,1,1,0,0,0,17,1,1,1,12,7,2,2,6,30,9,76.92,53.85,61.9,0,0,0,0,0,0,0,0,0,0,0,0,0,0,0,0,0,0,0,,0,NA,1,,0,,0,100,0,0,2,0,0
,,9,Owen Smith,,1165,Boston Bolts U16 NALB,NA,ATT,5/24/2025 12:00:00 AM,Round 0524,,0,0,9,5,10,10,0,0,22,11,0,0,0,2,2,0,0,54,23,27,13,69.23,0,0,66.67,,0,8,1,55,5,4,21,13,12,2,11,47.27,156,24,4,4,96,44,20,20,102,256,72,78.05,45.12,67.57,14,9,3,4,7,1,4,1,0,1,0,0,0,0,0,0,0,0,0,,0,NA,15,,0,100,1,90.91,9,0,29,0,0
,,9,Owen Smith,,226,Boston Bolts U16 NALB,NA,CM,5/24/2025 12:00:00 AM,Round 0524,,0,0,2,1,4,1,0,0,2,2,0,0,0,0,2,1,0,19,8,9,4,70,1,0,50,,,4,0,7,0,0,6,1,0,0,0,85.71,37,1,2,2,28,21,5,5,10,67,24,73.63,58.24,56.6,1,2,1,0,2,0,2,0,0,0,0,0,0,0,0,0,0,0,0,,0,NA,0,,0,100,0,100,2,0,7,0,0
,,9,Owen Smith,,41,Boston Bolts U16 NALB,NA,LW,5/24/2025 12:00:00 AM,Round 0524,,0,0,0,0,1,1,0,0,0,0,0,0,0,0,0,0,0,2,0,1,2,60,0,0,,,,0,0,2,0,0,2,0,0,0,1,100,4,0,1,0,3,1,0,0,1,8,1,88.89,55.56,80,1,0,1,0,2,0,1,0,0,0,0,0,0,0,0,0,0,0,0,,0,NA,0,,0,,0,100,0,0,3,0,0
,,10,Max Christiano,,1269,Boston Bolts U16 NALB,NA,CM,5/24/2025 12:00:00 AM,Round 0524,,1,0,3,5,46,2,0,0,66,20,2,1,2,2,9,1,5,96,60,59,65,55.36,4,1,76.74,66.67,50,26,3,22,0,2,8,10,2,6,14,36.36,179,7,6,18,206,109,59,17,76,391,134,74.48,64.57,62.54,20,3,5,0,11,0,34,1,0,1,0,0,0,0,0,0,0,0,0,,0,NA,19,,0,100,3,93.88,5,0,29,0,0
,,10,Max Christiano,,246,Boston Bolts U16 NALB,NA,DM,5/24/2025 12:00:00 AM,Round 0524,,0,0,2,1,8,1,0,0,4,4,1,0,2,0,6,2,0,35,8,6,3,78.85,0,0,50,100,100,3,0,4,0,0,2,1,1,1,0,50,44,0,4,8,40,14,19,1,9,88,22,80,60,66.67,3,2,2,0,6,0,0,0,0,0,0,0,0,0,0,0,0,0,0,,0,NA,2,,0,100,0,100,4,0,5,0,0
,,10,Max Christiano,,46,Boston Bolts U16 NALB,NA,LM,5/24/2025 12:00:00 AM,Round 0524,,0,0,0,1,3,0,0,0,0,2,0,0,0,0,2,0,0,2,0,5,4,63.64,0,0,0,,,4,0,0,0,0,0,0,0,1,0,,5,0,0,0,7,5,0,1,4,12,5,70.59,70.59,58.33,0,0,0,0,1,0,0,0,0,0,0,0,0,0,0,0,0,0,0,,0,NA,0,,0,100,0,100,2,0,1,0,0
,,10,Max Christiano,,24,Boston Bolts U16 NALB,NA,LW,5/24/2025 12:00:00 AM,Round 0524,,0,0,0,0,0,1,0,0,1,0,0,0,0,0,0,0,0,2,2,2,2,50,0,0,100,,,0,0,1,0,0,1,0,0,0,0,100,0,0,0,2,5,4,1,0,0,5,6,45.45,100,45.45,0,0,1,0,0,0,1,0,0,0,0,0,0,0,0,0,0,0,0,,0,NA,0,,0,,0,,0,0,0,0,0
,,11,Matthew DeSantis,,935,Boston Bolts U16 NALB,NA,LB,5/24/2025 12:00:00 AM,Round 0524,,0,0,0,4,60,0,1,1,27,6,1,0,4,3,35,4,7,82,39,52,20,69.43,6,1,81.82,100,57.14,19,0,5,0,0,1,4,0,5,14,20,85,5,10,15,145,68,36,1,53,240,88,73.17,72.56,65.13,9,0,8,3,4,2,2,0,0,0,0,0,0,0,0,0,0,0,0,0,0,NA,10,,0,100,6,90.91,153,0,10,0,0
,,11,Matthew DeSantis,,330,Boston Bolts U16 NALB,NA,LW,5/24/2025 12:00:00 AM,Round 0524,,0,0,1,0,17,2,0,0,5,1,0,0,0,1,2,0,0,5,6,3,4,44.44,0,0,83.33,,0,3,0,13,0,0,6,7,0,5,12,46.15,25,2,1,2,21,9,2,3,20,47,13,78.33,55,66.67,1,1,2,0,0,0,1,0,0,0,0,0,0,0,0,0,0,0,0,,0,NA,2,,0,100,2,89.47,5,0,5,0,0
,,11,Matthew DeSantis,,171,Boston Bolts U16 NALB,NA,RW,5/24/2025 12:00:00 AM,Round 0524,,0,0,2,0,7,1,0,0,5,1,0,0,0,0,0,0,0,6,6,4,2,55.56,0,0,83.33,,,3,0,6,1,0,3,1,1,2,10,66.67,18,2,0,0,10,7,3,2,12,28,9,75.68,45.95,58.82,0,2,0,0,0,0,0,0,0,0,0,0,0,0,0,0,0,0,0,,0,NA,3,,0,100,0,100,2,0,5,0,0
,,12,Liam Bazant,,58,Boston Bolts U16 NALB,NA,LCB,5/24/2025 12:00:00 AM,Round 0524,,0,0,0,0,0,0,0,0,0,2,0,0,0,0,6,0,1,7,1,8,5,71.43,0,1,0,,,0,0,0,0,0,0,0,0,0,0,,8,0,1,3,7,5,3,0,1,16,8,66.67,66.67,50,0,0,0,0,0,0,0,0,0,0,0,0,0,0,0,0,0,0,0,,0,NA,0,,0,,0,,0,0,0,0,0
,,12,Liam Bazant,,1877,Boston Bolts U16 NALB,NA,RCB,5/24/2025 12:00:00 AM,Round 0524,,0,0,1,0,12,1,0,0,34,8,5,2,19,8,50,9,34,177,65,62,41,69.28,6,1,80.95,71.43,70.37,4,0,10,2,0,3,2,3,2,4,50,405,9,117,136,429,123,232,15,14,951,268,78.01,66.04,67.83,0,1,19,3,0,0,0,0,1,0,0,0,0,0,0,0,0,0,0,,0,NA,23,,0,100,0,100,3,1,9,0,0
,,13,Alexander Lucas,,29,Boston Bolts U16 NALB,NA,CM,5/24/2025 12:00:00 AM,Round 0524,,0,0,0,0,0,0,0,0,1,1,0,0,0,0,1,0,0,0,0,5,4,55.56,0,0,50,,,1,0,1,0,0,0,0,1,0,0,0,6,1,0,0,2,1,0,1,4,8,2,80,30,66.67,1,0,0,0,0,0,0,0,0,0,0,0,0,0,0,0,0,0,0,,0,NA,1,,0,100,1,0,0,0,1,0,0
,,13,Alexander Lucas,,150,Boston Bolts U16 NALB,NA,LW,5/24/2025 12:00:00 AM,Round 0524,,0,0,1,0,12,2,0,0,1,3,0,0,0,0,2,0,0,7,4,7,5,60.87,0,0,25,,,5,0,3,0,0,2,1,0,1,3,66.67,16,3,0,0,14,8,1,3,19,30,11,73.17,53.66,63.64,1,1,0,0,0,0,1,0,0,0,0,0,0,0,0,0,0,0,0,,0,NA,1,,0,100,1,92.31,1,0,1,0,0
,,13,Alexander Lucas,,40,Boston Bolts U16 NALB,NA,RB,5/24/2025 12:00:00 AM,Round 0524,,0,0,0,0,1,1,0,0,1,0,0,0,0,0,0,0,0,1,2,0,4,14.29,0,0,100,,,0,0,0,0,0,0,0,0,1,0,,8,0,0,0,7,5,0,0,1,15,5,75,60,58.33,0,0,0,0,0,0,0,0,0,0,0,0,0,0,0,0,0,0,0,,0,NA,0,,0,,0,100,2,0,0,0,0
,,13,Alexander Lucas,,610,Boston Bolts U16 NALB,NA,RW,5/24/2025 12:00:00 AM,Round 0524,,0,0,4,2,37,5,0,0,18,3,2,1,2,0,6,0,2,34,9,14,6,76.19,0,0,85.71,66.67,100,17,2,18,0,0,12,4,2,8,12,66.67,76,13,2,0,84,46,15,10,61,162,59,73.3,59.73,65.15,7,4,2,0,2,0,1,0,0,0,0,0,0,0,0,0,0,0,0,,0,NA,5,,0,100,1,97.37,14,0,14,0,0
,,17,Brandon Park,,60,Boston Bolts U16 NALB,NA,ATT,5/24/2025 12:00:00 AM,Round 0524,,0,0,1,0,11,0,0,0,0,1,0,0,0,0,1,0,0,2,0,4,2,75,0,0,0,,,2,0,2,0,0,1,0,1,0,0,50,18,0,0,0,12,4,1,5,4,30,4,88.24,47.06,75,0,1,0,0,0,0,0,0,0,0,0,0,0,0,0,0,0,0,0,,0,NA,1,,0,100,1,91.67,0,0,3,0,0
,,17,Brandon Park,,455,Boston Bolts U16 NALB,NA,CM,5/24/2025 12:00:00 AM,Round 0524,,0,0,2,0,11,0,0,0,21,6,0,1,2,1,4,0,2,24,11,22,20,59.74,1,0,77.78,0,66.67,5,0,5,1,0,1,2,1,0,3,40,57,11,2,0,57,29,12,5,23,116,40,74.36,56.41,67.05,8,2,0,0,0,0,0,0,0,0,0,0,0,0,0,0,0,0,0,,0,NA,6,,0,100,1,91.67,1,0,6,0,0
,,17,Brandon Park,,62,Boston Bolts U16 NALB,NA,LM,5/24/2025 12:00:00 AM,Round 0524,,0,0,1,0,4,0,0,0,1,1,0,0,0,0,1,0,0,2,3,6,4,53.33,0,0,50,,,1,1,3,1,0,0,2,0,0,1,33.33,6,0,0,0,8,6,0,1,5,14,6,70,70,57.14,0,1,0,0,0,0,0,0,0,0,0,0,0,0,0,0,0,0,0,,0,NA,1,,0,100,1,80,0,0,1,0,0
,,17,Brandon Park,,462,Boston Bolts U16 NALB,NA,LW,5/24/2025 12:00:00 AM,Round 0524,,0,0,2,2,33,0,0,0,11,2,3,0,0,1,2,0,0,28,7,9,8,71.15,0,0,84.62,100,0,18,2,12,0,3,4,1,4,4,20,33.33,64,5,0,6,46,33,19,5,31,110,44,71.43,55.19,54.12,5,2,2,0,0,0,0,0,0,0,0,0,0,0,0,0,0,0,0,,0,NA,8,,0,100,1,97.06,4,0,10,0,0
,,17,Brandon Park,,12,Boston Bolts U16 NALB,NA,RCB,5/24/2025 12:00:00 AM,Round 0524,,0,0,0,0,2,0,0,0,1,0,0,0,0,0,0,0,0,0,0,0,0,,0,0,100,,,0,0,0,0,0,0,0,0,0,0,,4,0,1,0,1,2,1,0,0,6,2,75,50,50,1,0,1,0,0,0,0,0,0,0,0,0,0,0,0,0,0,0,0,,0,NA,0,,0,,0,100,0,0,0,0,0
,,17,Brandon Park,,212,Boston Bolts U16 NALB,NA,RW,5/24/2025 12:00:00 AM,Round 0524,,0,0,1,1,17,1,0,0,6,1,1,0,2,1,1,1,1,20,3,5,4,78.13,1,0,85.71,100,66.67,10,1,3,0,0,0,2,1,4,6,0,47,4,0,3,38,15,6,4,16,85,22,79.44,52.34,67.86,3,1,0,0,0,0,0,0,0,0,0,0,0,0,0,0,0,0,0,,0,NA,3,,0,100,2,89.47,2,0,4,0,0
,,19,Samuel Safi,,87,Boston Bolts U16 NALB,NA,CM,5/24/2025 12:00:00 AM,Round 0524,,0,0,0,0,4,0,0,0,0,2,0,0,0,0,0,1,1,2,0,3,4,55.56,0,0,0,,,6,0,2,0,0,1,1,0,0,1,50,10,1,0,0,10,4,1,2,11,20,5,80,56,71.43,0,0,1,0,0,0,0,0,0,0,0,0,0,0,0,0,0,0,0,,0,NA,1,,0,100,2,66.67,2,0,1,0,0
,,19,Samuel Safi,,215,Boston Bolts U16 NALB,NA,LW,5/24/2025 12:00:00 AM,Round 0524,,0,0,1,2,20,3,0,0,5,0,0,0,0,0,0,0,0,13,6,3,7,55.17,0,0,100,,,10,0,16,0,3,6,3,4,0,6,37.5,23,6,1,2,23,15,5,10,38,47,23,67.14,58.57,58.54,1,1,0,0,0,0,1,0,0,0,0,0,0,0,0,0,0,0,0,,0,NA,3,,0,100,1,95.24,2,0,9,0,0
,,19,Samuel Safi,,1141,Boston Bolts U16 NALB,NA,RW,5/24/2025 12:00:00 AM,Round 0524,,0,0,5,6,87,11,0,0,21,6,0,0,0,0,4,0,2,27,27,19,22,48.42,0,0,77.78,,,30,0,30,0,1,12,13,4,15,47,40,141,18,4,9,90,55,28,14,147,235,82,74.13,49.84,59.49,5,5,2,0,2,3,4,0,0,0,0,0,0,0,0,0,0,0,0,,0,NA,12,,0,100,14,86.14,12,0,26,0,0
,,24,Andrew Wenzel,,542,Boston Bolts U16 NALB,NA,LB,5/24/2025 12:00:00 AM,Round 0524,,0,0,0,0,12,0,0,0,10,1,9,1,3,5,10,4,5,49,25,27,20,62.81,3,0,90.91,90,37.5,2,0,4,0,0,1,3,0,1,6,25,83,8,7,6,102,62,36,3,21,192,76,71.64,66.04,61.58,6,0,8,3,0,0,0,0,0,0,0,0,0,0,0,0,0,0,0,,0,NA,6,,0,100,0,100,76,0,2,0,0
,,24,Andrew Wenzel,,113,Boston Bolts U16 NALB,NA,LCB,5/24/2025 12:00:00 AM,Round 0524,,0,0,0,0,3,0,0,0,2,0,2,0,2,3,2,0,1,9,7,4,2,59.09,0,1,100,100,40,0,0,1,0,0,0,0,1,0,0,0,33,0,4,5,24,12,6,0,1,61,17,78.21,57.69,62.22,0,0,2,0,0,0,0,0,0,0,0,0,0,0,0,0,0,0,0,,0,NA,2,,0,,0,100,1,0,0,0,0
,,24,Andrew Wenzel,,446,Boston Bolts U16 NALB,NA,RB,5/24/2025 12:00:00 AM,Round 0524,,0,0,1,1,6,1,0,0,2,3,2,2,3,1,3,4,4,37,13,18,15,66.27,2,1,40,50,75,2,1,5,1,1,1,1,1,2,8,40,70,2,6,10,97,38,19,2,20,173,50,77.58,67.71,68.21,3,1,3,0,0,0,0,0,0,0,0,0,0,0,0,0,0,0,0,,0,NA,6,,0,100,0,100,55,0,4,0,0
,,24,Andrew Wenzel,,135,Boston Bolts U16 NALB,NA,RCB,5/24/2025 12:00:00 AM,Round 0524,,0,0,0,0,4,0,0,0,2,0,2,0,3,3,1,3,4,14,3,9,6,71.88,0,1,100,100,50,0,0,2,0,0,1,1,0,0,0,50,30,1,4,7,45,9,9,1,1,79,17,82.29,67.71,75.38,0,0,1,0,0,0,0,0,0,0,0,0,0,0,0,0,0,0,0,,0,NA,2,,0,,0,100,2,0,0,0,0
,,31,Sawyer Jacobson,,1160,Boston Bolts U16 NALB,NA,GK,5/24/2025 12:00:00 AM,Round 0524,,0,0,0,0,1,0,0,21,0,1,1,0,1,1,7,0,6,25,3,2,0,90,0,0,0,100,50,0,0,0,0,0,0,0,0,0,0,,47,0,37,30,273,17,45,0,1,357,47,88.37,88.37,86.83,3,0,8,2,0,0,0,0,1,0,0,77,4,10,0,92,2,36,17,71.62,12,NA,14,,0,,0,100,0,135,0,0,384
,,99,Kai Mercer,,960,Boston Bolts U16 NALB,NA,GK,5/24/2025 12:00:00 AM,Round 0524,,0,0,0,0,1,1,0,16,3,1,2,0,0,0,4,0,5,26,7,5,1,79.49,0,0,75,100,,0,0,0,0,0,0,0,0,0,0,,67,1,15,36,221,12,24,0,1,303,49,86.08,80.68,83.1,2,0,3,1,0,0,0,0,0,0,0,80,4,12,2,70,3,34,12,74.19,11,NA,10,,0,,0,100,1,132,0,0,343
,,0,Dylan Jacobson,,130,Boston Bolts U16 NALB,NA,GK,5/24/2025 12:00:00 AM,Round 0524,,0,0,0,0,0,0,0,4,0,0,0,0,0,0,0,0,0,0,0,0,0,,0,0,,,,0,0,0,0,0,0,0,0,0,0,,28,0,5,0,22,0,7,0,0,55,0,100,49.09,100,0,0,0,0,0,0,0,0,0,0,0,5,0,3,0,4,0,1,2,42.86,2,NA,2,,0,,0,,0,2,0,0,43
,,14,Wyatt Conley,,838,Boston Bolts U16 NALB,NA,ATT,5/24/2025 12:00:00 AM,Round 0524,,0,0,14,5,47,10,0,0,10,4,0,0,0,0,0,0,0,28,12,5,8,62.26,0,0,71.43,,,23,3,44,4,7,24,4,5,6,15,63.64,122,21,2,3,70,34,12,25,99,194,58,76.98,43.25,66.06,9,14,0,0,0,0,0,0,0,0,0,0,0,0,0,0,0,0,0,,0,NA,9,,0,100,5,90.38,1,1,17,0,0
,,14,Wyatt Conley,,37,Boston Bolts U16 NALB,NA,LW,5/24/2025 12:00:00 AM,Round 0524,,0,0,0,0,3,0,0,0,1,0,0,0,0,0,0,0,0,0,0,2,0,100,0,0,100,,,1,0,0,0,0,0,0,0,1,0,,8,4,1,0,3,0,1,2,2,12,4,75,25,100,0,0,0,0,0,0,0,0,0,0,0,0,0,0,0,0,0,0,0,,0,NA,0,,0,100,0,100,2,0,0,0,0
,,14,Wyatt Conley,,142,Boston Bolts U16 NALB,NA,RW,5/24/2025 12:00:00 AM,Round 0524,,0,0,0,0,11,0,0,0,2,0,0,0,0,0,1,1,1,6,3,8,5,63.64,1,0,100,,,5,1,4,0,1,3,0,0,2,6,75,13,2,0,0,14,12,1,4,13,27,14,65.85,63.41,53.85,2,0,1,0,0,0,0,0,0,0,0,0,0,0,0,0,0,0,0,,0,NA,2,,0,100,2,84.62,0,0,3,0,0
Running By Team,,,,,,,,,,,,,,,,,,,,,,,,,,,,,,,,,,,,,,,,,,,,,,,,,,,,,,,,,,,,,,,,,,,,,,,,,,,,,,,,,,,,,,,,,,,,,,,,
,,-1,NA,,24629,Boston Bolts U16 NALB,NA,NA,5/24/2025 12:00:00 AM,Round 0524,,1,0,78,49,895,78,1,42,573,187,44,14,90,56,283,61,157,1714,716,853,570,66.62,42,24,75.39,75.86,61.64,310,25,463,25,29,188,143,78,126,331,46,3637,247,370,475,4169,1669,1151,272,1299,8176,2391,77.37,63.24,67.92,198,78,181,39,66,13,86,4,4,3,0,162,8,25,2,166,5,71,31,70.83,25,NA,286,,0,100,73,92.46,774,272,326,0,771
,,,,,,,,,,,,,,,,,,,,,,,,,,,,,,,,,,,,,,,,,,,,,,,,,,,,,,,,,,,,,,,,,,,,,,,,,,,,,,,,,,,,,,,,,,,,,,,,