,,,,,,,,,,,,,,,,,,,,,,,,,,,,,,,,,,,,,,,,,,,,,,,,,,,,,,,,,,,,,,,,,,,,,,,,,,,,,,,,,,,,,,,,,,,,,,,,,
,,,,,,,,,,,,,,,,,,,,,,,,,,,,,,,,,,,,,,,,,,,,,,,,,,,,,,,,,,,,,,,,,,,,,,,,,,,,,,,,,,,,,,,,,,,,,,,,,
,,,,,,,,,,,,,,,,,,,,,,,,,,,,,,,,,,,,,,,,,,,,,,,,,,,,,,,,,,,,,,,,,,,,,,,,,,,,,,,,,,,,,,,,,,,,,,,,,
,ReportWeekly,,,,,,,,,,,,,,,,,,,,,,,,,,,,,,,,,,,,,,,,,,,,,,,,,,,,,,,,,,,,,,,,,,,,,,,,,,,,,,,,,,,,,,,,,,,,,,,,
,Period Name,,Squad Number,Player Full Name,,mins played,Team Name,Match Name,Position Tag,As At Date,Round Name,Match Date,Yellow Card,Red Card,Goal,Assist,Dribble,Offside,Own Goal,Goal Against,Stand. Tackle,Unsucc Stand. Tackle,Tackle,Unsucc Tackle,Def Aerial,Unsucc Def Aerial,Clear,Headed Clear,Own Box Clear,Progr Rec,Unprogr Rec,Progr Inter,Unprogr Inter,Progr Regain ,Blocked Shot,Blocked Cross,Stand. Tackle Success ,Tackle Success ,Def Aerial Success ,Att 1v1,Att Aerial,Efforts on Goal,Header on Target,Header off Target,Shot on Target,Shot off Target,Att Shot Blockd,Cross,Unsucc Cross,Efficiency ,Side Back,Unsucc Side Back,Long,Unsucc Long,Forward,Unsucc Forward,Line Break,Pass into Oppo Box,Loss of Poss,Success,Unsuccess,Pass Completion ,Progr Pass Attempt ,Progr Pass Completion ,Foul Won,Foul Conceded,FK,Unsucc FK,Corner Kick,Short Corner,Unsucc Corner Kick,PK Won,PK Conceded,PK Scored,PK Missed,Throw,Unsucc Throw,Hands GK,Unsucc Hands,Ground GK,Unsucc Ground,Save Held,Save Parried,Save % ,Successful Cross,Opposition,Starts,,Unsucc Att 1v1,Att 1v1 Success % ,Unsucc Dribble,Dribble Success % ,Throw in,Opp Effort on Goal,Chance Created,Unsucc cross GK,Throw in against
,1st Half,,,,,,,,,,,,,,,,,,,,,,,,,,,,,,,,,,,,,,,,,,,,,,,,,,,,,,,,,,,,,,,,,,,,,,,,,,,,,,,,,,,,,,,,,,,,,,,,
,,,1,Drew Crosby,,40,Boston Bolts U15 NALB,NEFC vs. Boston Bolts U15 NALB 2025-06-01,GK,6/1/2025 12:00:00 AM,Round 0601,6/1/2025 12:00:00 AM,0,0,0,0,0,0,0,0,0,0,0,0,0,0,0,0,0,3,2,0,0,60,0,0,,,,0,0,0,0,0,0,0,0,0,0,,2,0,2,4,9,0,3,0,0,13,4,76.47,88.24,73.33,1,0,2,0,0,0,0,0,0,0,0,4,0,1,0,1,0,4,1,100,0,NEFC,1,,0,,0,,0,8,0,0,20
,,,4,Diego Liteplo,,40,Boston Bolts U15 NALB,NEFC vs. Boston Bolts U15 NALB 2025-06-01,LCB,6/1/2025 12:00:00 AM,Round 0601,6/1/2025 12:00:00 AM,0,0,0,0,0,0,0,0,2,1,0,0,0,0,1,0,0,2,3,2,2,44.44,0,0,66.67,,,0,0,1,0,0,0,1,0,0,0,0,3,0,4,2,11,4,6,0,0,18,6,75,87.5,71.43,0,0,1,0,0,0,0,0,0,0,0,0,0,0,0,0,0,0,0,,0,NEFC,1,,0,,0,,0,0,1,0,0
,,,5,Charlie Gallagher,,20,Boston Bolts U15 NALB,NEFC vs. Boston Bolts U15 NALB 2025-06-01,RW,6/1/2025 12:00:00 AM,Round 0601,6/1/2025 12:00:00 AM,0,0,0,0,0,0,0,0,0,0,0,0,0,0,1,0,0,2,0,1,0,100,0,0,,,,0,0,0,0,0,0,0,0,0,0,,1,1,0,0,3,1,2,0,3,4,2,66.67,66.67,75,0,0,0,0,0,0,0,0,0,0,0,0,0,0,0,0,0,0,0,,0,NEFC,1,,0,,0,,0,0,0,0,0
,,,6,Rory Andrew,,40,Boston Bolts U15 NALB,NEFC vs. Boston Bolts U15 NALB 2025-06-01,RCB,6/1/2025 12:00:00 AM,Round 0601,6/1/2025 12:00:00 AM,0,0,0,0,0,1,0,0,1,0,0,0,0,0,0,0,0,7,1,2,1,81.82,0,0,100,,,0,0,1,0,0,0,1,0,0,0,0,6,0,1,2,9,1,3,0,0,16,3,84.21,68.42,76.92,0,0,0,1,0,0,0,0,0,0,0,0,0,0,0,0,0,0,0,,0,NEFC,1,,0,,0,,0,0,0,0,0
,,,7,Osiris Ramos,,20,Boston Bolts U15 NALB,NEFC vs. Boston Bolts U15 NALB 2025-06-01,RW,6/1/2025 12:00:00 AM,Round 0601,6/1/2025 12:00:00 AM,0,0,0,0,0,0,0,0,0,0,0,0,0,0,0,0,0,2,0,0,0,100,0,0,,,,0,0,0,0,0,0,0,0,0,3,,2,0,0,0,2,2,0,0,1,4,2,66.67,66.67,50,0,0,0,0,0,0,0,0,0,0,0,0,0,0,0,0,0,0,0,,0,NEFC,0,,0,,0,,0,0,0,0,0
,,,9,Christian Smyth,,40,Boston Bolts U15 NALB,NEFC vs. Boston Bolts U15 NALB 2025-06-01,LW,6/1/2025 12:00:00 AM,Round 0601,6/1/2025 12:00:00 AM,0,0,0,0,1,0,0,0,1,1,1,0,0,0,0,0,0,1,3,2,2,37.5,0,0,50,100,,0,0,1,0,1,0,0,0,0,0,0,4,0,0,1,5,2,1,0,6,9,3,75,66.67,62.5,0,0,0,0,0,0,0,0,0,0,0,0,0,0,0,0,0,0,0,,0,NEFC,1,,0,,1,50,0,0,0,0,0
,,,10,Benjamin Gill,,20,Boston Bolts U15 NALB,NEFC vs. Boston Bolts U15 NALB 2025-06-01,ATT,6/1/2025 12:00:00 AM,Round 0601,6/1/2025 12:00:00 AM,0,0,0,0,2,0,0,0,0,1,0,0,0,0,0,0,0,1,0,0,0,100,0,0,0,,,1,0,1,0,0,0,0,1,0,1,0,3,0,1,0,0,1,1,2,3,4,1,80,40,50,0,0,0,0,0,0,0,0,0,0,0,0,0,0,0,0,0,0,0,,0,NEFC,1,,0,100,2,50,0,0,0,0,0
,,,10,Benjamin Gill,,14,Boston Bolts U15 NALB,NEFC vs. Boston Bolts U15 NALB 2025-06-01,LW,6/1/2025 12:00:00 AM,Round 0601,6/1/2025 12:00:00 AM,0,0,0,0,0,1,0,0,0,0,0,0,0,0,0,0,0,0,1,1,0,50,0,0,,,,0,0,0,0,0,0,0,0,0,0,,0,2,0,0,2,1,0,0,0,2,3,40,60,66.67,0,0,0,0,0,0,0,0,0,0,0,0,0,0,0,0,0,0,0,,0,NEFC,0,,0,,0,,0,0,0,0,0
,,,11,Dean Olszewski,,40,Boston Bolts U15 NALB,NEFC vs. Boston Bolts U15 NALB 2025-06-01,RB,6/1/2025 12:00:00 AM,Round 0601,6/1/2025 12:00:00 AM,0,0,0,0,0,0,0,0,1,0,0,0,0,0,2,0,1,3,2,3,1,66.67,1,0,100,,,0,0,0,0,0,0,0,0,0,0,,2,1,1,1,6,6,2,0,0,9,8,52.94,82.35,50,0,0,0,0,0,0,0,0,0,0,0,0,0,0,0,0,0,0,0,,0,NEFC,1,,0,,0,,7,0,0,0,0
,,,12,Calvin Frey,,20,Boston Bolts U15 NALB,NEFC vs. Boston Bolts U15 NALB 2025-06-01,ATT,6/1/2025 12:00:00 AM,Round 0601,6/1/2025 12:00:00 AM,0,0,0,0,1,0,0,0,0,1,0,0,0,0,0,0,0,2,0,0,0,100,0,0,0,,,1,0,1,0,0,0,0,1,0,0,0,3,0,0,0,2,1,1,1,6,5,1,83.33,50,66.67,0,0,0,0,0,0,0,0,0,0,0,0,0,0,0,0,0,0,0,,0,NEFC,0,,0,100,0,100,0,0,0,0,0
,,,14,William McKenna,,40,Boston Bolts U15 NALB,NEFC vs. Boston Bolts U15 NALB 2025-06-01,DM,6/1/2025 12:00:00 AM,Round 0601,6/1/2025 12:00:00 AM,0,0,0,0,2,0,0,0,0,2,0,0,0,0,0,0,0,4,3,1,2,50,0,0,0,,,0,0,0,0,0,0,0,0,0,0,,2,0,0,1,7,4,1,1,4,9,5,64.29,85.71,58.33,0,0,0,0,0,0,0,0,0,0,0,0,0,0,0,0,0,0,0,,0,NEFC,1,,0,,0,100,0,0,0,0,0
,,,23,Phineas Tomsho,,40,Boston Bolts U15 NALB,NEFC vs. Boston Bolts U15 NALB 2025-06-01,CM,6/1/2025 12:00:00 AM,Round 0601,6/1/2025 12:00:00 AM,0,0,0,0,3,0,0,0,0,0,0,0,0,0,1,0,0,6,4,1,0,63.64,0,0,,,,0,0,0,0,0,0,0,0,0,2,,11,4,0,2,8,3,1,2,2,19,9,67.86,46.43,61.54,1,0,2,0,3,0,0,0,0,0,0,0,0,0,0,0,0,0,0,,0,NEFC,1,,0,,0,100,0,0,2,0,0
,,,16,Colin Stokes,,26,Boston Bolts U15 NALB,NEFC vs. Boston Bolts U15 NALB 2025-06-01,CM,6/1/2025 12:00:00 AM,Round 0601,6/1/2025 12:00:00 AM,0,0,0,0,0,0,0,0,1,0,0,0,0,0,0,0,0,0,1,4,0,80,0,0,100,,,0,0,0,0,0,0,0,0,0,0,,3,2,1,1,9,2,4,0,3,13,5,72.22,72.22,76.92,0,0,0,0,0,0,0,0,0,0,0,0,0,0,0,0,0,0,0,,0,NEFC,1,,0,,1,0,0,0,0,0,0
,,,99,Lucas Tully Femenia,,20,Boston Bolts U15 NALB,NEFC vs. Boston Bolts U15 NALB 2025-06-01,LB,6/1/2025 12:00:00 AM,Round 0601,6/1/2025 12:00:00 AM,0,0,0,0,0,0,0,0,1,2,0,0,0,0,1,0,0,0,4,1,2,14.29,0,0,33.33,,,0,0,0,0,0,0,0,0,0,0,,0,1,1,0,3,4,1,0,1,4,5,44.44,88.89,50,1,0,0,0,0,0,0,0,0,0,0,0,0,0,0,0,0,0,0,,0,NEFC,0,,0,,0,,2,0,0,0,0
,,,0,Lucas Byers,,20,Boston Bolts U15 NALB,NEFC vs. Boston Bolts U15 NALB 2025-06-01,LB,6/1/2025 12:00:00 AM,Round 0601,6/1/2025 12:00:00 AM,0,0,0,0,1,0,0,0,1,0,0,0,0,0,0,0,0,1,0,3,1,80,0,0,100,,,0,1,0,0,0,0,0,0,0,0,,0,0,0,0,9,5,0,0,1,9,5,64.29,100,64.29,0,0,0,0,0,0,0,0,0,0,0,0,0,0,0,0,0,0,0,,0,NEFC,1,,0,,0,100,1,0,0,0,0
,2nd Half,,,,,,,,,,,,,,,,,,,,,,,,,,,,,,,,,,,,,,,,,,,,,,,,,,,,,,,,,,,,,,,,,,,,,,,,,,,,,,,,,,,,,,,,,,,,,,,,
,,,1,Drew Crosby,,40,Boston Bolts U15 NALB,NEFC vs. Boston Bolts U15 NALB 2025-06-01,GK,6/1/2025 12:00:00 AM,Round 0601,6/1/2025 12:00:00 AM,0,0,0,0,0,0,0,0,0,0,0,0,0,0,0,0,0,2,0,1,0,100,0,0,,,,0,0,0,0,0,0,0,0,0,0,,1,0,0,2,6,0,1,1,1,7,2,77.78,88.89,75,1,0,1,0,0,0,0,0,0,0,0,3,0,3,1,3,0,2,4,100,1,NEFC,0,,0,,0,,0,12,0,0,8
,,,4,Diego Liteplo,,40,Boston Bolts U15 NALB,NEFC vs. Boston Bolts U15 NALB 2025-06-01,LCB,6/1/2025 12:00:00 AM,Round 0601,6/1/2025 12:00:00 AM,0,0,0,0,0,0,0,0,0,0,0,0,0,1,0,1,2,9,5,4,3,61.9,0,0,,,0,0,0,0,0,0,0,0,0,0,0,,2,1,1,6,17,8,8,1,2,20,15,57.14,91.43,56.25,1,0,3,0,0,0,0,0,0,0,0,0,0,0,0,0,0,0,0,,0,NEFC,0,,0,,0,,0,0,0,0,0
,,,5,Charlie Gallagher,,21,Boston Bolts U15 NALB,NEFC vs. Boston Bolts U15 NALB 2025-06-01,RW,6/1/2025 12:00:00 AM,Round 0601,6/1/2025 12:00:00 AM,0,0,0,0,1,0,0,0,0,0,0,0,0,0,0,0,0,0,0,0,0,,0,0,,,,1,0,0,0,0,0,0,0,0,1,,1,0,0,0,1,1,1,1,1,2,1,66.67,66.67,50,2,0,0,0,0,0,0,0,0,0,0,0,0,0,0,0,0,0,0,,0,NEFC,0,,0,100,0,100,0,0,0,0,0
,,,6,Rory Andrew,,40,Boston Bolts U15 NALB,NEFC vs. Boston Bolts U15 NALB 2025-06-01,RCB,6/1/2025 12:00:00 AM,Round 0601,6/1/2025 12:00:00 AM,0,0,0,0,0,0,0,0,0,0,0,0,1,0,1,0,0,5,2,3,0,80,0,0,,,100,0,0,1,0,1,0,0,0,0,1,0,6,0,0,2,7,1,0,0,1,13,3,81.25,62.5,70,0,0,0,0,0,0,0,0,0,0,0,0,0,0,0,0,0,0,0,,0,NEFC,0,,0,,1,0,0,0,0,0,0
,,,7,Osiris Ramos,,19,Boston Bolts U15 NALB,NEFC vs. Boston Bolts U15 NALB 2025-06-01,RW,6/1/2025 12:00:00 AM,Round 0601,6/1/2025 12:00:00 AM,0,0,0,0,0,0,0,0,0,1,0,0,0,0,1,0,0,2,0,1,0,100,0,0,0,,,0,0,0,0,0,0,0,0,1,1,,2,0,2,0,2,2,2,0,0,6,2,75,75,66.67,0,0,0,0,0,0,0,0,0,0,0,0,0,0,0,0,0,0,0,,0,NEFC,0,,0,,0,,0,0,2,0,0
,,,9,Christian Smyth,,39,Boston Bolts U15 NALB,NEFC vs. Boston Bolts U15 NALB 2025-06-01,LW,6/1/2025 12:00:00 AM,Round 0601,6/1/2025 12:00:00 AM,0,0,0,0,2,0,0,0,2,1,0,0,0,0,1,0,0,4,1,2,0,85.71,0,1,66.67,,,0,1,0,0,0,0,0,0,0,0,,2,1,0,0,8,9,3,2,7,10,10,50,85,47.06,1,0,0,0,0,0,0,0,0,0,0,0,0,0,0,0,0,0,0,,0,NEFC,0,,0,,0,100,1,0,1,0,0
,,,10,Benjamin Gill,,40,Boston Bolts U15 NALB,NEFC vs. Boston Bolts U15 NALB 2025-06-01,LW,6/1/2025 12:00:00 AM,Round 0601,6/1/2025 12:00:00 AM,0,0,1,0,1,0,0,0,1,1,2,0,0,0,1,0,0,3,0,0,0,100,0,0,50,100,,0,0,5,0,0,3,0,2,2,2,60,6,0,1,0,2,2,1,2,6,9,2,81.82,45.45,60,0,1,2,0,0,0,1,0,0,0,0,0,0,0,0,0,0,0,0,,0,NEFC,0,,0,,1,50,0,0,0,0,0
,,,11,Dean Olszewski,,40,Boston Bolts U15 NALB,NEFC vs. Boston Bolts U15 NALB 2025-06-01,RB,6/1/2025 12:00:00 AM,Round 0601,6/1/2025 12:00:00 AM,0,0,0,0,0,0,0,0,0,0,0,0,1,0,0,1,1,5,2,2,0,77.78,2,0,,,100,0,0,0,0,0,0,0,0,0,1,,3,1,1,0,4,4,2,0,1,8,5,61.54,69.23,55.56,0,0,0,0,0,0,0,0,0,0,0,0,0,0,0,0,0,0,0,,0,NEFC,0,,0,,0,,5,0,0,0,0
,,,12,Calvin Frey,,19,Boston Bolts U15 NALB,NEFC vs. Boston Bolts U15 NALB 2025-06-01,ATT,6/1/2025 12:00:00 AM,Round 0601,6/1/2025 12:00:00 AM,0,0,0,1,0,0,0,0,1,1,0,0,0,0,0,0,0,0,1,1,0,50,0,0,50,,,0,0,1,0,0,1,0,0,0,1,100,1,0,0,1,3,0,2,0,3,4,1,80,80,75,0,0,0,0,0,0,0,0,0,0,0,0,0,0,0,0,0,0,0,,0,NEFC,0,,0,,0,,0,0,1,0,0
,,,14,William McKenna,,40,Boston Bolts U15 NALB,NEFC vs. Boston Bolts U15 NALB 2025-06-01,DM,6/1/2025 12:00:00 AM,Round 0601,6/1/2025 12:00:00 AM,0,0,0,0,0,0,0,0,0,1,0,0,0,0,0,1,1,0,1,0,1,0,0,0,0,,,0,0,0,0,0,0,0,0,0,0,,1,0,0,0,2,2,0,0,1,3,2,60,80,50,0,0,0,0,0,0,0,0,0,0,0,0,0,0,0,0,0,0,0,,0,NEFC,0,,0,,0,,0,0,0,0,0
,,,23,Phineas Tomsho,,22,Boston Bolts U15 NALB,NEFC vs. Boston Bolts U15 NALB 2025-06-01,CM,6/1/2025 12:00:00 AM,Round 0601,6/1/2025 12:00:00 AM,0,0,0,0,0,0,0,0,0,0,0,0,0,0,0,0,0,3,1,0,0,75,0,0,,,,0,0,0,0,0,0,0,0,0,1,,4,1,0,0,4,1,2,0,0,8,2,80,50,80,0,0,0,0,0,0,0,0,0,0,0,0,0,0,0,0,0,0,0,,0,NEFC,0,,0,,0,,0,0,0,0,0
,,,16,Colin Stokes,,40,Boston Bolts U15 NALB,NEFC vs. Boston Bolts U15 NALB 2025-06-01,LW,6/1/2025 12:00:00 AM,Round 0601,6/1/2025 12:00:00 AM,0,0,0,0,7,0,0,0,0,1,0,1,0,0,0,0,0,4,1,2,1,75,0,0,0,0,,0,0,0,0,0,0,0,0,0,0,,4,0,1,0,9,3,2,4,6,14,3,82.35,76.47,76.92,1,0,0,0,0,0,0,0,0,0,0,0,0,0,0,0,0,0,0,,0,NEFC,0,,0,,1,87.5,0,0,0,0,0
,,,99,Lucas Tully Femenia,,2,Boston Bolts U15 NALB,NEFC vs. Boston Bolts U15 NALB 2025-06-01,LB,6/1/2025 12:00:00 AM,Round 0601,6/1/2025 12:00:00 AM,0,0,0,0,0,0,0,0,0,0,0,0,0,0,0,0,0,0,0,0,1,0,0,0,,,,0,0,0,0,0,0,0,0,0,0,,0,0,0,0,0,0,0,0,1,0,0,,,,0,0,0,0,0,0,0,0,0,0,0,0,0,0,0,0,0,0,0,,0,NEFC,0,,0,,0,,1,0,0,0,0
,,,0,Lucas Byers,,38,Boston Bolts U15 NALB,NEFC vs. Boston Bolts U15 NALB 2025-06-01,LB,6/1/2025 12:00:00 AM,Round 0601,6/1/2025 12:00:00 AM,0,0,0,0,2,0,0,0,1,2,0,0,0,0,1,0,0,5,2,3,1,72.73,0,0,33.33,,,0,0,1,0,0,0,0,1,1,2,0,2,0,0,3,8,2,4,2,5,10,5,66.67,86.67,61.54,0,0,1,0,0,0,0,0,0,0,0,0,0,0,0,0,0,0,0,,0,NEFC,0,,0,,0,100,4,0,1,0,0
,Monthly By Player,,,,,,,,,,,,,,,,,,,,,,,,,,,,,,,,,,,,,,,,,,,,,,,,,,,,,,,,,,,,,,,,,,,,,,,,,,,,,,,,,,,,,,,,,,,,,,,,
,,,1,Drew Crosby,,80,Boston Bolts U15 NALB,NA,NA,6/1/2025 12:00:00 AM,Round 0601,,0,0,0,0,0,0,0,0,0,0,0,0,0,0,0,0,0,5,2,1,0,75,0,0,,,,0,0,0,0,0,0,0,0,0,0,,3,0,2,6,15,0,4,1,1,20,6,76.92,88.46,73.91,2,0,3,0,0,0,0,0,0,0,0,7,0,4,1,4,0,6,5,100,1,NA,1,,0,,0,,0,20,0,0,28
,,,4,Diego Liteplo,,80,Boston Bolts U15 NALB,NA,NA,6/1/2025 12:00:00 AM,Round 0601,,0,0,0,0,0,0,0,0,2,1,0,0,0,1,1,1,2,11,8,6,5,56.67,0,0,66.67,,0,0,0,1,0,0,0,1,0,0,0,0,5,1,5,8,28,12,14,1,2,38,21,64.41,89.83,62.26,1,0,4,0,0,0,0,0,0,0,0,0,0,0,0,0,0,0,0,,0,NA,1,,0,,0,,0,0,1,0,0
,,,5,Charlie Gallagher,,41,Boston Bolts U15 NALB,NA,NA,6/1/2025 12:00:00 AM,Round 0601,,0,0,0,0,1,0,0,0,0,0,0,0,0,0,1,0,0,2,0,1,0,100,0,0,,,,1,0,0,0,0,0,0,0,0,1,,2,1,0,0,4,2,3,1,4,6,3,66.67,66.67,66.67,2,0,0,0,0,0,0,0,0,0,0,0,0,0,0,0,0,0,0,,0,NA,1,,0,100,0,100,0,0,0,0,0
,,,6,Rory Andrew,,80,Boston Bolts U15 NALB,NA,NA,6/1/2025 12:00:00 AM,Round 0601,,0,0,0,0,0,1,0,0,1,0,0,0,1,0,1,0,0,12,3,5,1,80.95,0,0,100,,100,0,0,2,0,1,0,1,0,0,1,0,12,0,1,4,16,2,3,0,1,29,6,82.86,65.71,73.91,0,0,0,1,0,0,0,0,0,0,0,0,0,0,0,0,0,0,0,,0,NA,1,,0,,1,0,0,0,0,0,0
,,,7,Osiris Ramos,,39,Boston Bolts U15 NALB,NA,NA,6/1/2025 12:00:00 AM,Round 0601,,0,0,0,0,0,0,0,0,0,1,0,0,0,0,1,0,0,4,0,1,0,100,0,0,0,,,0,0,0,0,0,0,0,0,1,4,,4,0,2,0,4,4,2,0,1,10,4,71.43,71.43,60,0,0,0,0,0,0,0,0,0,0,0,0,0,0,0,0,0,0,0,,0,NA,0,,0,,0,,0,0,2,0,0
,,,9,Christian Smyth,,79,Boston Bolts U15 NALB,NA,NA,6/1/2025 12:00:00 AM,Round 0601,,0,0,0,0,3,0,0,0,3,2,1,0,0,0,1,0,0,5,4,4,2,60,0,1,60,100,,0,1,1,0,1,0,0,0,0,0,0,6,1,0,1,13,11,4,2,13,19,13,59.38,78.13,52,1,0,0,0,0,0,0,0,0,0,0,0,0,0,0,0,0,0,0,,0,NA,1,,0,,1,75,1,0,1,0,0
,,,10,Benjamin Gill,,74,Boston Bolts U15 NALB,NA,NA,6/1/2025 12:00:00 AM,Round 0601,,0,0,1,0,3,1,0,0,1,2,2,0,0,0,1,0,0,4,1,1,0,83.33,0,0,33.33,100,,1,0,6,0,0,3,0,3,2,3,50,9,2,2,0,4,4,2,4,9,15,6,71.43,47.62,60,0,1,2,0,0,0,1,0,0,0,0,0,0,0,0,0,0,0,0,,0,NA,1,,0,100,3,50,0,0,0,0,0
,,,11,Dean Olszewski,,80,Boston Bolts U15 NALB,NA,NA,6/1/2025 12:00:00 AM,Round 0601,,0,0,0,0,0,0,0,0,1,0,0,0,1,0,2,1,2,8,4,5,1,72.22,3,0,100,,100,0,0,0,0,0,0,0,0,0,1,,5,2,2,1,10,10,4,0,1,17,13,56.67,76.67,52.17,0,0,0,0,0,0,0,0,0,0,0,0,0,0,0,0,0,0,0,,0,NA,1,,0,,0,,12,0,0,0,0
,,,12,Calvin Frey,,39,Boston Bolts U15 NALB,NA,NA,6/1/2025 12:00:00 AM,Round 0601,,0,0,0,1,1,0,0,0,1,2,0,0,0,0,0,0,0,2,1,1,0,75,0,0,33.33,,,1,0,2,0,0,1,0,1,0,1,50,4,0,0,1,5,1,3,1,9,9,2,81.82,63.64,71.43,0,0,0,0,0,0,0,0,0,0,0,0,0,0,0,0,0,0,0,,0,NA,0,,0,100,0,100,0,0,1,0,0
,,,14,William McKenna,,80,Boston Bolts U15 NALB,NA,NA,6/1/2025 12:00:00 AM,Round 0601,,0,0,0,0,2,0,0,0,0,3,0,0,0,0,0,1,1,4,4,1,3,41.67,0,0,0,,,0,0,0,0,0,0,0,0,0,0,,3,0,0,1,9,6,1,1,5,12,7,63.16,84.21,56.25,0,0,0,0,0,0,0,0,0,0,0,0,0,0,0,0,0,0,0,,0,NA,1,,0,,0,100,0,0,0,0,0
,,,23,Phineas Tomsho,,62,Boston Bolts U15 NALB,NA,NA,6/1/2025 12:00:00 AM,Round 0601,,0,0,0,0,3,0,0,0,0,0,0,0,0,0,1,0,0,9,5,1,0,66.67,0,0,,,,0,0,0,0,0,0,0,0,0,3,,15,5,0,2,12,4,3,2,2,27,11,71.05,47.37,66.67,1,0,2,0,3,0,0,0,0,0,0,0,0,0,0,0,0,0,0,,0,NA,1,,0,,0,100,0,0,2,0,0
,,,16,Colin Stokes,,66,Boston Bolts U15 NALB,NA,NA,6/1/2025 12:00:00 AM,Round 0601,,0,0,0,0,7,0,0,0,1,1,0,1,0,0,0,0,0,4,2,6,1,76.92,0,0,50,0,,0,0,0,0,0,0,0,0,0,0,,7,2,2,1,18,5,6,4,9,27,8,77.14,74.29,76.92,1,0,0,0,0,0,0,0,0,0,0,0,0,0,0,0,0,0,0,,0,NA,1,,0,,2,77.78,0,0,0,0,0
,,,99,Lucas Tully Femenia,,22,Boston Bolts U15 NALB,NA,NA,6/1/2025 12:00:00 AM,Round 0601,,0,0,0,0,0,0,0,0,1,2,0,0,0,0,1,0,0,0,4,1,3,12.5,0,0,33.33,,,0,0,0,0,0,0,0,0,0,0,,0,1,1,0,3,4,1,0,2,4,5,44.44,88.89,50,1,0,0,0,0,0,0,0,0,0,0,0,0,0,0,0,0,0,0,,0,NA,0,,0,,0,,3,0,0,0,0
,,,0,Lucas Byers,,58,Boston Bolts U15 NALB,NA,NA,6/1/2025 12:00:00 AM,Round 0601,,0,0,0,0,3,0,0,0,2,2,0,0,0,0,1,0,0,6,2,6,2,75,0,0,50,,,0,1,1,0,0,0,0,1,1,2,0,2,0,0,3,17,7,4,2,6,19,10,65.52,93.1,62.96,0,0,1,0,0,0,0,0,0,0,0,0,0,0,0,0,0,0,0,,0,NA,1,,0,,0,100,5,0,1,0,0
,Monthly By Position Player,,,,,,,,,,,,,,,,,,,,,,,,,,,,,,,,,,,,,,,,,,,,,,,,,,,,,,,,,,,,,,,,,,,,,,,,,,,,,,,,,,,,,,,,,,,,,,,,
,,,1,Drew Crosby,,80,Boston Bolts U15 NALB,NA,GK,6/1/2025 12:00:00 AM,Round 0601,,0,0,0,0,0,0,0,0,0,0,0,0,0,0,0,0,0,5,2,1,0,75,0,0,,,,0,0,0,0,0,0,0,0,0,0,,3,0,2,6,15,0,4,1,1,20,6,76.92,88.46,73.91,2,0,3,0,0,0,0,0,0,0,0,7,0,4,1,4,0,6,5,100,1,NA,1,,0,,0,,0,20,0,0,28
,,,4,Diego Liteplo,,80,Boston Bolts U15 NALB,NA,LCB,6/1/2025 12:00:00 AM,Round 0601,,0,0,0,0,0,0,0,0,2,1,0,0,0,1,1,1,2,11,8,6,5,56.67,0,0,66.67,,0,0,0,1,0,0,0,1,0,0,0,0,5,1,5,8,28,12,14,1,2,38,21,64.41,89.83,62.26,1,0,4,0,0,0,0,0,0,0,0,0,0,0,0,0,0,0,0,,0,NA,1,,0,,0,,0,0,1,0,0
,,,5,Charlie Gallagher,,41,Boston Bolts U15 NALB,NA,RW,6/1/2025 12:00:00 AM,Round 0601,,0,0,0,0,1,0,0,0,0,0,0,0,0,0,1,0,0,2,0,1,0,100,0,0,,,,1,0,0,0,0,0,0,0,0,1,,2,1,0,0,4,2,3,1,4,6,3,66.67,66.67,66.67,2,0,0,0,0,0,0,0,0,0,0,0,0,0,0,0,0,0,0,,0,NA,1,,0,100,0,100,0,0,0,0,0
,,,6,Rory Andrew,,80,Boston Bolts U15 NALB,NA,RCB,6/1/2025 12:00:00 AM,Round 0601,,0,0,0,0,0,1,0,0,1,0,0,0,1,0,1,0,0,12,3,5,1,80.95,0,0,100,,100,0,0,2,0,1,0,1,0,0,1,0,12,0,1,4,16,2,3,0,1,29,6,82.86,65.71,73.91,0,0,0,1,0,0,0,0,0,0,0,0,0,0,0,0,0,0,0,,0,NA,1,,0,,1,0,0,0,0,0,0
,,,7,Osiris Ramos,,39,Boston Bolts U15 NALB,NA,RW,6/1/2025 12:00:00 AM,Round 0601,,0,0,0,0,0,0,0,0,0,1,0,0,0,0,1,0,0,4,0,1,0,100,0,0,0,,,0,0,0,0,0,0,0,0,1,4,,4,0,2,0,4,4,2,0,1,10,4,71.43,71.43,60,0,0,0,0,0,0,0,0,0,0,0,0,0,0,0,0,0,0,0,,0,NA,0,,0,,0,,0,0,2,0,0
,,,9,Christian Smyth,,79,Boston Bolts U15 NALB,NA,LW,6/1/2025 12:00:00 AM,Round 0601,,0,0,0,0,3,0,0,0,3,2,1,0,0,0,1,0,0,5,4,4,2,60,0,1,60,100,,0,1,1,0,1,0,0,0,0,0,0,6,1,0,1,13,11,4,2,13,19,13,59.38,78.13,52,1,0,0,0,0,0,0,0,0,0,0,0,0,0,0,0,0,0,0,,0,NA,1,,0,,1,75,1,0,1,0,0
,,,10,Benjamin Gill,,20,Boston Bolts U15 NALB,NA,ATT,6/1/2025 12:00:00 AM,Round 0601,,0,0,0,0,2,0,0,0,0,1,0,0,0,0,0,0,0,1,0,0,0,100,0,0,0,,,1,0,1,0,0,0,0,1,0,1,0,3,0,1,0,0,1,1,2,3,4,1,80,40,50,0,0,0,0,0,0,0,0,0,0,0,0,0,0,0,0,0,0,0,,0,NA,1,,0,100,2,50,0,0,0,0,0
,,,10,Benjamin Gill,,54,Boston Bolts U15 NALB,NA,LW,6/1/2025 12:00:00 AM,Round 0601,,0,0,1,0,1,1,0,0,1,1,2,0,0,0,1,0,0,3,1,1,0,80,0,0,50,100,,0,0,5,0,0,3,0,2,2,2,60,6,2,1,0,4,3,1,2,6,11,5,68.75,50,62.5,0,1,2,0,0,0,1,0,0,0,0,0,0,0,0,0,0,0,0,,0,NA,0,,0,,1,50,0,0,0,0,0
,,,11,Dean Olszewski,,80,Boston Bolts U15 NALB,NA,RB,6/1/2025 12:00:00 AM,Round 0601,,0,0,0,0,0,0,0,0,1,0,0,0,1,0,2,1,2,8,4,5,1,72.22,3,0,100,,100,0,0,0,0,0,0,0,0,0,1,,5,2,2,1,10,10,4,0,1,17,13,56.67,76.67,52.17,0,0,0,0,0,0,0,0,0,0,0,0,0,0,0,0,0,0,0,,0,NA,1,,0,,0,,12,0,0,0,0
,,,12,Calvin Frey,,39,Boston Bolts U15 NALB,NA,ATT,6/1/2025 12:00:00 AM,Round 0601,,0,0,0,1,1,0,0,0,1,2,0,0,0,0,0,0,0,2,1,1,0,75,0,0,33.33,,,1,0,2,0,0,1,0,1,0,1,50,4,0,0,1,5,1,3,1,9,9,2,81.82,63.64,71.43,0,0,0,0,0,0,0,0,0,0,0,0,0,0,0,0,0,0,0,,0,NA,0,,0,100,0,100,0,0,1,0,0
,,,14,William McKenna,,80,Boston Bolts U15 NALB,NA,DM,6/1/2025 12:00:00 AM,Round 0601,,0,0,0,0,2,0,0,0,0,3,0,0,0,0,0,1,1,4,4,1,3,41.67,0,0,0,,,0,0,0,0,0,0,0,0,0,0,,3,0,0,1,9,6,1,1,5,12,7,63.16,84.21,56.25,0,0,0,0,0,0,0,0,0,0,0,0,0,0,0,0,0,0,0,,0,NA,1,,0,,0,100,0,0,0,0,0
,,,23,Phineas Tomsho,,62,Boston Bolts U15 NALB,NA,CM,6/1/2025 12:00:00 AM,Round 0601,,0,0,0,0,3,0,0,0,0,0,0,0,0,0,1,0,0,9,5,1,0,66.67,0,0,,,,0,0,0,0,0,0,0,0,0,3,,15,5,0,2,12,4,3,2,2,27,11,71.05,47.37,66.67,1,0,2,0,3,0,0,0,0,0,0,0,0,0,0,0,0,0,0,,0,NA,1,,0,,0,100,0,0,2,0,0
,,,16,Colin Stokes,,26,Boston Bolts U15 NALB,NA,CM,6/1/2025 12:00:00 AM,Round 0601,,0,0,0,0,0,0,0,0,1,0,0,0,0,0,0,0,0,0,1,4,0,80,0,0,100,,,0,0,0,0,0,0,0,0,0,0,,3,2,1,1,9,2,4,0,3,13,5,72.22,72.22,76.92,0,0,0,0,0,0,0,0,0,0,0,0,0,0,0,0,0,0,0,,0,NA,1,,0,,1,0,0,0,0,0,0
,,,16,Colin Stokes,,40,Boston Bolts U15 NALB,NA,LW,6/1/2025 12:00:00 AM,Round 0601,,0,0,0,0,7,0,0,0,0,1,0,1,0,0,0,0,0,4,1,2,1,75,0,0,0,0,,0,0,0,0,0,0,0,0,0,0,,4,0,1,0,9,3,2,4,6,14,3,82.35,76.47,76.92,1,0,0,0,0,0,0,0,0,0,0,0,0,0,0,0,0,0,0,,0,NA,0,,0,,1,87.5,0,0,0,0,0
,,,99,Lucas Tully Femenia,,22,Boston Bolts U15 NALB,NA,LB,6/1/2025 12:00:00 AM,Round 0601,,0,0,0,0,0,0,0,0,1,2,0,0,0,0,1,0,0,0,4,1,3,12.5,0,0,33.33,,,0,0,0,0,0,0,0,0,0,0,,0,1,1,0,3,4,1,0,2,4,5,44.44,88.89,50,1,0,0,0,0,0,0,0,0,0,0,0,0,0,0,0,0,0,0,,0,NA,0,,0,,0,,3,0,0,0,0
,,,0,Lucas Byers,,58,Boston Bolts U15 NALB,NA,LB,6/1/2025 12:00:00 AM,Round 0601,,0,0,0,0,3,0,0,0,2,2,0,0,0,0,1,0,0,6,2,6,2,75,0,0,50,,,0,1,1,0,0,0,0,1,1,2,0,2,0,0,3,17,7,4,2,6,19,10,65.52,93.1,62.96,0,0,1,0,0,0,0,0,0,0,0,0,0,0,0,0,0,0,0,,0,NA,1,,0,,0,100,5,0,1,0,0
,Monthly By Team,,,,,,,,,,,,,,,,,,,,,,,,,,,,,,,,,,,,,,,,,,,,,,,,,,,,,,,,,,,,,,,,,,,,,,,,,,,,,,,,,,,,,,,,,,,,,,,,
,,,-1,NA,,880,Boston Bolts U15 NALB,NA,NA,6/1/2025 12:00:00 AM,Round 0601,,0,0,1,1,23,2,0,0,13,16,3,1,2,1,11,3,5,76,40,40,18,66.67,3,1,44.83,75,66.67,3,2,13,0,2,4,2,5,4,16,30.77,77,15,17,28,158,72,54,19,65,252,115,68.66,74.93,63.64,9,1,12,1,3,0,1,0,0,0,0,7,0,4,1,4,0,6,5,100,1,NA,11,,0,100,7,76.67,21,20,8,0,28
,Round By Player,,,,,,,,,,,,,,,,,,,,,,,,,,,,,,,,,,,,,,,,,,,,,,,,,,,,,,,,,,,,,,,,,,,,,,,,,,,,,,,,,,,,,,,,,,,,,,,,
,,,1,Drew Crosby,,80,Boston Bolts U15 NALB,NEFC vs. Boston Bolts U15 NALB 2025-06-01,NA,6/1/2025 12:00:00 AM,Round 0601,6/1/2025 12:00:00 AM,0,0,0,0,0,0,0,0,0,0,0,0,0,0,0,0,0,5,2,1,0,75,0,0,,,,0,0,0,0,0,0,0,0,0,0,,3,0,2,6,15,0,4,1,1,20,6,76.92,88.46,73.91,2,0,3,0,0,0,0,0,0,0,0,7,0,4,1,4,0,6,5,100,1,NEFC,1,,0,,0,,0,20,0,0,28
,,,4,Diego Liteplo,,80,Boston Bolts U15 NALB,NEFC vs. Boston Bolts U15 NALB 2025-06-01,NA,6/1/2025 12:00:00 AM,Round 0601,6/1/2025 12:00:00 AM,0,0,0,0,0,0,0,0,2,1,0,0,0,1,1,1,2,11,8,6,5,56.67,0,0,66.67,,0,0,0,1,0,0,0,1,0,0,0,0,5,1,5,8,28,12,14,1,2,38,21,64.41,89.83,62.26,1,0,4,0,0,0,0,0,0,0,0,0,0,0,0,0,0,0,0,,0,NEFC,1,,0,,0,,0,0,1,0,0
,,,5,Charlie Gallagher,,41,Boston Bolts U15 NALB,NEFC vs. Boston Bolts U15 NALB 2025-06-01,NA,6/1/2025 12:00:00 AM,Round 0601,6/1/2025 12:00:00 AM,0,0,0,0,1,0,0,0,0,0,0,0,0,0,1,0,0,2,0,1,0,100,0,0,,,,1,0,0,0,0,0,0,0,0,1,,2,1,0,0,4,2,3,1,4,6,3,66.67,66.67,66.67,2,0,0,0,0,0,0,0,0,0,0,0,0,0,0,0,0,0,0,,0,NEFC,1,,0,100,0,100,0,0,0,0,0
,,,6,Rory Andrew,,80,Boston Bolts U15 NALB,NEFC vs. Boston Bolts U15 NALB 2025-06-01,NA,6/1/2025 12:00:00 AM,Round 0601,6/1/2025 12:00:00 AM,0,0,0,0,0,1,0,0,1,0,0,0,1,0,1,0,0,12,3,5,1,80.95,0,0,100,,100,0,0,2,0,1,0,1,0,0,1,0,12,0,1,4,16,2,3,0,1,29,6,82.86,65.71,73.91,0,0,0,1,0,0,0,0,0,0,0,0,0,0,0,0,0,0,0,,0,NEFC,1,,0,,1,0,0,0,0,0,0
,,,7,Osiris Ramos,,39,Boston Bolts U15 NALB,NEFC vs. Boston Bolts U15 NALB 2025-06-01,NA,6/1/2025 12:00:00 AM,Round 0601,6/1/2025 12:00:00 AM,0,0,0,0,0,0,0,0,0,1,0,0,0,0,1,0,0,4,0,1,0,100,0,0,0,,,0,0,0,0,0,0,0,0,1,4,,4,0,2,0,4,4,2,0,1,10,4,71.43,71.43,60,0,0,0,0,0,0,0,0,0,0,0,0,0,0,0,0,0,0,0,,0,NEFC,0,,0,,0,,0,0,2,0,0
,,,9,Christian Smyth,,79,Boston Bolts U15 NALB,NEFC vs. Boston Bolts U15 NALB 2025-06-01,NA,6/1/2025 12:00:00 AM,Round 0601,6/1/2025 12:00:00 AM,0,0,0,0,3,0,0,0,3,2,1,0,0,0,1,0,0,5,4,4,2,60,0,1,60,100,,0,1,1,0,1,0,0,0,0,0,0,6,1,0,1,13,11,4,2,13,19,13,59.38,78.13,52,1,0,0,0,0,0,0,0,0,0,0,0,0,0,0,0,0,0,0,,0,NEFC,1,,0,,1,75,1,0,1,0,0
,,,10,Benjamin Gill,,74,Boston Bolts U15 NALB,NEFC vs. Boston Bolts U15 NALB 2025-06-01,NA,6/1/2025 12:00:00 AM,Round 0601,6/1/2025 12:00:00 AM,0,0,1,0,3,1,0,0,1,2,2,0,0,0,1,0,0,4,1,1,0,83.33,0,0,33.33,100,,1,0,6,0,0,3,0,3,2,3,50,9,2,2,0,4,4,2,4,9,15,6,71.43,47.62,60,0,1,2,0,0,0,1,0,0,0,0,0,0,0,0,0,0,0,0,,0,NEFC,1,,0,100,3,50,0,0,0,0,0
,,,11,Dean Olszewski,,80,Boston Bolts U15 NALB,NEFC vs. Boston Bolts U15 NALB 2025-06-01,NA,6/1/2025 12:00:00 AM,Round 0601,6/1/2025 12:00:00 AM,0,0,0,0,0,0,0,0,1,0,0,0,1,0,2,1,2,8,4,5,1,72.22,3,0,100,,100,0,0,0,0,0,0,0,0,0,1,,5,2,2,1,10,10,4,0,1,17,13,56.67,76.67,52.17,0,0,0,0,0,0,0,0,0,0,0,0,0,0,0,0,0,0,0,,0,NEFC,1,,0,,0,,12,0,0,0,0
,,,12,Calvin Frey,,39,Boston Bolts U15 NALB,NEFC vs. Boston Bolts U15 NALB 2025-06-01,NA,6/1/2025 12:00:00 AM,Round 0601,6/1/2025 12:00:00 AM,0,0,0,1,1,0,0,0,1,2,0,0,0,0,0,0,0,2,1,1,0,75,0,0,33.33,,,1,0,2,0,0,1,0,1,0,1,50,4,0,0,1,5,1,3,1,9,9,2,81.82,63.64,71.43,0,0,0,0,0,0,0,0,0,0,0,0,0,0,0,0,0,0,0,,0,NEFC,0,,0,100,0,100,0,0,1,0,0
,,,14,William McKenna,,80,Boston Bolts U15 NALB,NEFC vs. Boston Bolts U15 NALB 2025-06-01,NA,6/1/2025 12:00:00 AM,Round 0601,6/1/2025 12:00:00 AM,0,0,0,0,2,0,0,0,0,3,0,0,0,0,0,1,1,4,4,1,3,41.67,0,0,0,,,0,0,0,0,0,0,0,0,0,0,,3,0,0,1,9,6,1,1,5,12,7,63.16,84.21,56.25,0,0,0,0,0,0,0,0,0,0,0,0,0,0,0,0,0,0,0,,0,NEFC,1,,0,,0,100,0,0,0,0,0
,,,23,Phineas Tomsho,,62,Boston Bolts U15 NALB,NEFC vs. Boston Bolts U15 NALB 2025-06-01,NA,6/1/2025 12:00:00 AM,Round 0601,6/1/2025 12:00:00 AM,0,0,0,0,3,0,0,0,0,0,0,0,0,0,1,0,0,9,5,1,0,66.67,0,0,,,,0,0,0,0,0,0,0,0,0,3,,15,5,0,2,12,4,3,2,2,27,11,71.05,47.37,66.67,1,0,2,0,3,0,0,0,0,0,0,0,0,0,0,0,0,0,0,,0,NEFC,1,,0,,0,100,0,0,2,0,0
,,,16,Colin Stokes,,66,Boston Bolts U15 NALB,NEFC vs. Boston Bolts U15 NALB 2025-06-01,NA,6/1/2025 12:00:00 AM,Round 0601,6/1/2025 12:00:00 AM,0,0,0,0,7,0,0,0,1,1,0,1,0,0,0,0,0,4,2,6,1,76.92,0,0,50,0,,0,0,0,0,0,0,0,0,0,0,,7,2,2,1,18,5,6,4,9,27,8,77.14,74.29,76.92,1,0,0,0,0,0,0,0,0,0,0,0,0,0,0,0,0,0,0,,0,NEFC,1,,0,,2,77.78,0,0,0,0,0
,,,99,Lucas Tully Femenia,,22,Boston Bolts U15 NALB,NEFC vs. Boston Bolts U15 NALB 2025-06-01,NA,6/1/2025 12:00:00 AM,Round 0601,6/1/2025 12:00:00 AM,0,0,0,0,0,0,0,0,1,2,0,0,0,0,1,0,0,0,4,1,3,12.5,0,0,33.33,,,0,0,0,0,0,0,0,0,0,0,,0,1,1,0,3,4,1,0,2,4,5,44.44,88.89,50,1,0,0,0,0,0,0,0,0,0,0,0,0,0,0,0,0,0,0,,0,NEFC,0,,0,,0,,3,0,0,0,0
,,,0,Lucas Byers,,58,Boston Bolts U15 NALB,NEFC vs. Boston Bolts U15 NALB 2025-06-01,NA,6/1/2025 12:00:00 AM,Round 0601,6/1/2025 12:00:00 AM,0,0,0,0,3,0,0,0,2,2,0,0,0,0,1,0,0,6,2,6,2,75,0,0,50,,,0,1,1,0,0,0,0,1,1,2,0,2,0,0,3,17,7,4,2,6,19,10,65.52,93.1,62.96,0,0,1,0,0,0,0,0,0,0,0,0,0,0,0,0,0,0,0,,0,NEFC,1,,0,,0,100,5,0,1,0,0
,Round By Position Player,,,,,,,,,,,,,,,,,,,,,,,,,,,,,,,,,,,,,,,,,,,,,,,,,,,,,,,,,,,,,,,,,,,,,,,,,,,,,,,,,,,,,,,,,,,,,,,,
,,,1,Drew Crosby,,80,Boston Bolts U15 NALB,NEFC vs. Boston Bolts U15 NALB 2025-06-01,GK,6/1/2025 12:00:00 AM,Round 0601,6/1/2025 12:00:00 AM,0,0,0,0,0,0,0,0,0,0,0,0,0,0,0,0,0,5,2,1,0,75,0,0,,,,0,0,0,0,0,0,0,0,0,0,,3,0,2,6,15,0,4,1,1,20,6,76.92,88.46,73.91,2,0,3,0,0,0,0,0,0,0,0,7,0,4,1,4,0,6,5,100,1,NEFC,1,,0,,0,,0,20,0,0,28
,,,4,Diego Liteplo,,80,Boston Bolts U15 NALB,NEFC vs. Boston Bolts U15 NALB 2025-06-01,LCB,6/1/2025 12:00:00 AM,Round 0601,6/1/2025 12:00:00 AM,0,0,0,0,0,0,0,0,2,1,0,0,0,1,1,1,2,11,8,6,5,56.67,0,0,66.67,,0,0,0,1,0,0,0,1,0,0,0,0,5,1,5,8,28,12,14,1,2,38,21,64.41,89.83,62.26,1,0,4,0,0,0,0,0,0,0,0,0,0,0,0,0,0,0,0,,0,NEFC,1,,0,,0,,0,0,1,0,0
,,,5,Charlie Gallagher,,41,Boston Bolts U15 NALB,NEFC vs. Boston Bolts U15 NALB 2025-06-01,RW,6/1/2025 12:00:00 AM,Round 0601,6/1/2025 12:00:00 AM,0,0,0,0,1,0,0,0,0,0,0,0,0,0,1,0,0,2,0,1,0,100,0,0,,,,1,0,0,0,0,0,0,0,0,1,,2,1,0,0,4,2,3,1,4,6,3,66.67,66.67,66.67,2,0,0,0,0,0,0,0,0,0,0,0,0,0,0,0,0,0,0,,0,NEFC,1,,0,100,0,100,0,0,0,0,0
,,,6,Rory Andrew,,80,Boston Bolts U15 NALB,NEFC vs. Boston Bolts U15 NALB 2025-06-01,RCB,6/1/2025 12:00:00 AM,Round 0601,6/1/2025 12:00:00 AM,0,0,0,0,0,1,0,0,1,0,0,0,1,0,1,0,0,12,3,5,1,80.95,0,0,100,,100,0,0,2,0,1,0,1,0,0,1,0,12,0,1,4,16,2,3,0,1,29,6,82.86,65.71,73.91,0,0,0,1,0,0,0,0,0,0,0,0,0,0,0,0,0,0,0,,0,NEFC,1,,0,,1,0,0,0,0,0,0
,,,7,Osiris Ramos,,39,Boston Bolts U15 NALB,NEFC vs. Boston Bolts U15 NALB 2025-06-01,RW,6/1/2025 12:00:00 AM,Round 0601,6/1/2025 12:00:00 AM,0,0,0,0,0,0,0,0,0,1,0,0,0,0,1,0,0,4,0,1,0,100,0,0,0,,,0,0,0,0,0,0,0,0,1,4,,4,0,2,0,4,4,2,0,1,10,4,71.43,71.43,60,0,0,0,0,0,0,0,0,0,0,0,0,0,0,0,0,0,0,0,,0,NEFC,0,,0,,0,,0,0,2,0,0
,,,9,Christian Smyth,,79,Boston Bolts U15 NALB,NEFC vs. Boston Bolts U15 NALB 2025-06-01,LW,6/1/2025 12:00:00 AM,Round 0601,6/1/2025 12:00:00 AM,0,0,0,0,3,0,0,0,3,2,1,0,0,0,1,0,0,5,4,4,2,60,0,1,60,100,,0,1,1,0,1,0,0,0,0,0,0,6,1,0,1,13,11,4,2,13,19,13,59.38,78.13,52,1,0,0,0,0,0,0,0,0,0,0,0,0,0,0,0,0,0,0,,0,NEFC,1,,0,,1,75,1,0,1,0,0
,,,10,Benjamin Gill,,20,Boston Bolts U15 NALB,NEFC vs. Boston Bolts U15 NALB 2025-06-01,ATT,6/1/2025 12:00:00 AM,Round 0601,6/1/2025 12:00:00 AM,0,0,0,0,2,0,0,0,0,1,0,0,0,0,0,0,0,1,0,0,0,100,0,0,0,,,1,0,1,0,0,0,0,1,0,1,0,3,0,1,0,0,1,1,2,3,4,1,80,40,50,0,0,0,0,0,0,0,0,0,0,0,0,0,0,0,0,0,0,0,,0,NEFC,1,,0,100,2,50,0,0,0,0,0
,,,10,Benjamin Gill,,54,Boston Bolts U15 NALB,NEFC vs. Boston Bolts U15 NALB 2025-06-01,LW,6/1/2025 12:00:00 AM,Round 0601,6/1/2025 12:00:00 AM,0,0,1,0,1,1,0,0,1,1,2,0,0,0,1,0,0,3,1,1,0,80,0,0,50,100,,0,0,5,0,0,3,0,2,2,2,60,6,2,1,0,4,3,1,2,6,11,5,68.75,50,62.5,0,1,2,0,0,0,1,0,0,0,0,0,0,0,0,0,0,0,0,,0,NEFC,0,,0,,1,50,0,0,0,0,0
,,,11,Dean Olszewski,,80,Boston Bolts U15 NALB,NEFC vs. Boston Bolts U15 NALB 2025-06-01,RB,6/1/2025 12:00:00 AM,Round 0601,6/1/2025 12:00:00 AM,0,0,0,0,0,0,0,0,1,0,0,0,1,0,2,1,2,8,4,5,1,72.22,3,0,100,,100,0,0,0,0,0,0,0,0,0,1,,5,2,2,1,10,10,4,0,1,17,13,56.67,76.67,52.17,0,0,0,0,0,0,0,0,0,0,0,0,0,0,0,0,0,0,0,,0,NEFC,1,,0,,0,,12,0,0,0,0
,,,12,Calvin Frey,,39,Boston Bolts U15 NALB,NEFC vs. Boston Bolts U15 NALB 2025-06-01,ATT,6/1/2025 12:00:00 AM,Round 0601,6/1/2025 12:00:00 AM,0,0,0,1,1,0,0,0,1,2,0,0,0,0,0,0,0,2,1,1,0,75,0,0,33.33,,,1,0,2,0,0,1,0,1,0,1,50,4,0,0,1,5,1,3,1,9,9,2,81.82,63.64,71.43,0,0,0,0,0,0,0,0,0,0,0,0,0,0,0,0,0,0,0,,0,NEFC,0,,0,100,0,100,0,0,1,0,0
,,,14,William McKenna,,80,Boston Bolts U15 NALB,NEFC vs. Boston Bolts U15 NALB 2025-06-01,DM,6/1/2025 12:00:00 AM,Round 0601,6/1/2025 12:00:00 AM,0,0,0,0,2,0,0,0,0,3,0,0,0,0,0,1,1,4,4,1,3,41.67,0,0,0,,,0,0,0,0,0,0,0,0,0,0,,3,0,0,1,9,6,1,1,5,12,7,63.16,84.21,56.25,0,0,0,0,0,0,0,0,0,0,0,0,0,0,0,0,0,0,0,,0,NEFC,1,,0,,0,100,0,0,0,0,0
,,,23,Phineas Tomsho,,62,Boston Bolts U15 NALB,NEFC vs. Boston Bolts U15 NALB 2025-06-01,CM,6/1/2025 12:00:00 AM,Round 0601,6/1/2025 12:00:00 AM,0,0,0,0,3,0,0,0,0,0,0,0,0,0,1,0,0,9,5,1,0,66.67,0,0,,,,0,0,0,0,0,0,0,0,0,3,,15,5,0,2,12,4,3,2,2,27,11,71.05,47.37,66.67,1,0,2,0,3,0,0,0,0,0,0,0,0,0,0,0,0,0,0,,0,NEFC,1,,0,,0,100,0,0,2,0,0
,,,16,Colin Stokes,,26,Boston Bolts U15 NALB,NEFC vs. Boston Bolts U15 NALB 2025-06-01,CM,6/1/2025 12:00:00 AM,Round 0601,6/1/2025 12:00:00 AM,0,0,0,0,0,0,0,0,1,0,0,0,0,0,0,0,0,0,1,4,0,80,0,0,100,,,0,0,0,0,0,0,0,0,0,0,,3,2,1,1,9,2,4,0,3,13,5,72.22,72.22,76.92,0,0,0,0,0,0,0,0,0,0,0,0,0,0,0,0,0,0,0,,0,NEFC,1,,0,,1,0,0,0,0,0,0
,,,16,Colin Stokes,,40,Boston Bolts U15 NALB,NEFC vs. Boston Bolts U15 NALB 2025-06-01,LW,6/1/2025 12:00:00 AM,Round 0601,6/1/2025 12:00:00 AM,0,0,0,0,7,0,0,0,0,1,0,1,0,0,0,0,0,4,1,2,1,75,0,0,0,0,,0,0,0,0,0,0,0,0,0,0,,4,0,1,0,9,3,2,4,6,14,3,82.35,76.47,76.92,1,0,0,0,0,0,0,0,0,0,0,0,0,0,0,0,0,0,0,,0,NEFC,0,,0,,1,87.5,0,0,0,0,0
,,,99,Lucas Tully Femenia,,22,Boston Bolts U15 NALB,NEFC vs. Boston Bolts U15 NALB 2025-06-01,LB,6/1/2025 12:00:00 AM,Round 0601,6/1/2025 12:00:00 AM,0,0,0,0,0,0,0,0,1,2,0,0,0,0,1,0,0,0,4,1,3,12.5,0,0,33.33,,,0,0,0,0,0,0,0,0,0,0,,0,1,1,0,3,4,1,0,2,4,5,44.44,88.89,50,1,0,0,0,0,0,0,0,0,0,0,0,0,0,0,0,0,0,0,,0,NEFC,0,,0,,0,,3,0,0,0,0
,,,0,Lucas Byers,,58,Boston Bolts U15 NALB,NEFC vs. Boston Bolts U15 NALB 2025-06-01,LB,6/1/2025 12:00:00 AM,Round 0601,6/1/2025 12:00:00 AM,0,0,0,0,3,0,0,0,2,2,0,0,0,0,1,0,0,6,2,6,2,75,0,0,50,,,0,1,1,0,0,0,0,1,1,2,0,2,0,0,3,17,7,4,2,6,19,10,65.52,93.1,62.96,0,0,1,0,0,0,0,0,0,0,0,0,0,0,0,0,0,0,0,,0,NEFC,1,,0,,0,100,5,0,1,0,0
,Round By Team,,,,,,,,,,,,,,,,,,,,,,,,,,,,,,,,,,,,,,,,,,,,,,,,,,,,,,,,,,,,,,,,,,,,,,,,,,,,,,,,,,,,,,,,,,,,,,,,
,,,-1,NA,,880,Boston Bolts U15 NALB,NEFC vs. Boston Bolts U15 NALB 2025-06-01,NA,6/1/2025 12:00:00 AM,Round 0601,6/1/2025 12:00:00 AM,0,0,1,1,23,2,0,0,13,16,3,1,2,1,11,3,5,76,40,40,18,66.67,3,1,44.83,75,66.67,3,2,13,0,2,4,2,5,4,16,30.77,77,15,17,28,158,72,54,19,65,252,115,68.66,74.93,63.64,9,1,12,1,3,0,1,0,0,0,0,7,0,4,1,4,0,6,5,100,1,NEFC,11,,0,100,7,76.67,21,20,8,0,28
,Running By Player,,,,,,,,,,,,,,,,,,,,,,,,,,,,,,,,,,,,,,,,,,,,,,,,,,,,,,,,,,,,,,,,,,,,,,,,,,,,,,,,,,,,,,,,,,,,,,,,
,,,0,Isaac Rodriguez,,41,Boston Bolts U15 NALB,NA,RW,6/1/2025 12:00:00 AM,Round 0601,,0,0,0,0,2,0,0,0,2,0,0,0,0,0,0,0,0,4,0,0,0,100,0,0,100,,,2,0,0,0,0,0,0,0,1,0,,6,1,0,0,3,3,0,0,4,9,4,69.23,46.15,50,0,0,0,0,1,0,0,0,0,0,0,0,0,0,0,0,0,0,0,,0,NA,0,,0,100,1,66.67,0,0,0,0,0
,,,1,Drew Crosby,,1165,Boston Bolts U15 NALB,NA,GK,6/1/2025 12:00:00 AM,Round 0601,,0,0,0,0,0,0,0,22,2,1,1,2,0,0,10,0,3,35,12,8,3,74.14,0,0,66.67,33.33,,0,0,0,0,0,0,0,0,0,0,,114,6,17,31,217,14,40,1,4,348,51,87.22,69.92,83.87,2,0,10,0,0,0,0,0,0,0,0,102,2,13,5,96,1,44,32,77.55,20,NA,17,,0,,0,,3,172,0,0,377
,,,2,Neel Kapur,,491,Boston Bolts U15 NALB,NA,"CM,DM,RB",6/1/2025 12:00:00 AM,Round 0601,,0,0,0,0,14,1,0,0,30,9,0,0,2,3,7,0,3,39,12,73,24,75.68,1,0,76.92,,40,5,0,6,0,2,1,2,1,4,2,16.67,169,13,1,2,197,56,28,9,35,367,71,83.79,58.45,77.34,3,0,7,1,2,0,0,0,0,0,0,0,0,0,0,0,0,0,0,,0,NA,8,,0,100,1,93.33,14,0,3,0,0
,,,4,Diego Liteplo,,1578,Boston Bolts U15 NALB,NA,"CM,LCB,RCB",6/1/2025 12:00:00 AM,Round 0601,,0,0,2,0,32,0,0,1,43,21,0,0,12,4,33,11,26,164,72,99,57,67.09,19,1,67.19,,75,7,2,19,3,5,4,6,1,1,4,36.84,348,16,39,56,491,173,182,7,45,878,245,78.18,67.59,69.83,5,2,24,1,1,0,1,0,1,0,0,0,0,0,0,0,0,0,0,0,0,NA,21,,0,100,1,96.97,1,1,10,0,0
,,,5,Charlie Gallagher,,500,Boston Bolts U15 NALB,NA,"RB,RW",6/1/2025 12:00:00 AM,Round 0601,,0,0,1,2,17,2,0,0,5,5,0,0,0,0,9,1,1,28,9,28,11,73.68,0,0,50,,,6,1,3,0,0,3,0,0,3,6,100,70,7,3,0,68,31,20,13,34,141,38,78.77,56.98,69.61,5,1,1,0,2,1,1,0,0,0,0,0,0,0,0,0,0,0,0,,0,NA,11,,0,100,1,94.44,20,0,11,0,0
,,,6,Rory Andrew,,1650,Boston Bolts U15 NALB,NA,"ATT,LCB,RCB",6/1/2025 12:00:00 AM,Round 0601,,0,0,2,0,26,1,0,0,53,25,0,0,19,0,41,9,30,174,85,119,62,66.59,11,2,67.95,,100,4,3,26,2,7,5,8,4,1,4,26.92,346,13,51,58,483,183,200,6,40,880,254,77.6,68.34,68.9,13,2,30,10,0,0,0,0,0,0,0,0,0,0,0,0,0,0,0,,0,NA,21,,0,100,1,96.3,2,0,5,0,0
,,,8,Adrian Avini,,421,Boston Bolts U15 NALB,NA,"ATT,CM,LW,RW",6/1/2025 12:00:00 AM,Round 0601,,0,0,4,0,10,6,0,0,10,7,0,0,0,0,2,0,2,20,4,13,9,71.74,0,0,58.82,,,6,1,17,2,1,8,6,0,3,4,58.82,82,9,2,0,53,24,16,16,42,137,33,80.59,46.47,69.62,1,4,2,0,0,0,1,0,0,0,0,0,0,0,0,0,0,0,0,,0,NA,6,,0,100,2,83.33,1,0,5,0,0
,,,7,Osiris Ramos,,923,Boston Bolts U15 NALB,NA,"LB,LCB,LW,RW",6/1/2025 12:00:00 AM,Round 0601,,0,0,4,7,31,6,0,0,29,30,1,3,1,3,6,0,0,52,23,22,17,64.91,2,0,49.15,25,25,17,0,26,0,0,10,14,2,13,31,38.46,124,20,3,8,110,60,32,33,64,237,88,72.92,55.69,62.43,10,4,0,0,4,2,2,0,0,0,0,0,0,0,0,0,0,0,0,,0,NA,11,,0,100,4,88.57,12,0,24,0,0
,,,9,Christian Smyth,,1219,Boston Bolts U15 NALB,NA,"CM,LB,LW,RW",6/1/2025 12:00:00 AM,Round 0601,,0,0,5,2,48,8,0,0,23,23,3,1,1,1,12,2,3,73,24,53,26,71.59,0,1,50,75,50,18,2,26,1,2,10,8,5,7,31,42.31,220,30,5,11,195,93,45,29,118,420,134,75.81,54.87,65.79,5,5,2,0,2,8,3,0,0,0,0,0,0,0,0,0,0,0,0,,0,NA,19,,0,100,8,85.71,18,0,31,0,0
,,,10,Benjamin Gill,,1253,Boston Bolts U15 NALB,NA,"AM,ATT,CM,LW,RM,RW",6/1/2025 12:00:00 AM,Round 0601,,0,0,13,6,46,12,0,0,20,19,3,1,0,2,5,0,1,58,19,26,18,69.42,0,1,51.28,75,0,24,3,70,5,4,32,16,13,6,15,52.86,172,29,7,5,127,71,32,28,116,306,105,74.45,51.09,63.81,7,13,8,2,2,1,4,0,0,0,0,0,0,0,0,0,0,0,0,,0,NA,19,,0,100,8,85.19,12,0,24,0,0
,,,11,Dean Olszewski,,893,Boston Bolts U15 NALB,NA,"LB,RB",6/1/2025 12:00:00 AM,Round 0601,,0,0,0,1,14,0,0,0,26,5,0,0,4,0,10,2,11,81,42,42,26,64.4,4,1,83.87,,100,2,0,4,0,0,1,1,2,6,12,25,106,11,6,10,165,110,51,7,30,277,131,67.89,71.32,58.76,6,0,4,2,0,0,0,0,0,0,0,0,0,0,0,0,0,0,0,,0,NA,9,,0,100,0,100,124,0,10,0,0
,,,12,Calvin Frey,,1195,Boston Bolts U15 NALB,NA,"ATT,CM,RCB,RM",6/1/2025 12:00:00 AM,Round 0601,,0,0,7,3,32,4,0,0,21,22,2,0,1,0,5,2,4,53,19,39,21,69.7,0,0,48.84,100,100,25,4,41,3,0,17,13,8,6,16,48.78,274,23,5,11,139,94,50,32,126,418,128,76.56,45.6,57.83,11,7,2,0,0,1,1,0,0,0,0,0,0,0,0,0,0,0,0,,0,NA,16,,0,100,6,84.21,5,0,22,0,0
,,,13,Mateo Kramer Gomez,,895,Boston Bolts U15 NALB,NA,"LB,LW,RB,RCB,RW",6/1/2025 12:00:00 AM,Round 0601,,0,0,1,0,21,1,0,0,25,14,10,1,4,2,14,5,3,61,29,57,35,64.84,3,0,64.1,90.91,66.67,8,1,4,1,0,2,1,0,0,9,75,105,9,7,13,210,72,55,7,45,322,94,77.4,72.6,71.85,15,1,9,1,0,0,0,0,0,0,0,0,0,0,0,0,0,0,0,,0,NA,12,,0,100,1,95.45,110,0,5,0,0
,,,14,William McKenna,,1295,Boston Bolts U15 NALB,NA,"ATT,CM,DM,LB,LCB,RB,RCB",6/1/2025 12:00:00 AM,Round 0601,,0,0,2,2,14,0,0,0,33,25,0,0,4,3,14,1,3,89,45,45,26,65.37,1,1,56.9,,57.14,6,1,12,0,1,4,4,3,1,2,33.33,224,10,18,20,223,103,79,7,65,465,133,77.76,60.87,66.21,5,2,5,0,1,0,0,0,0,0,0,0,0,0,0,1,0,0,0,,0,NA,13,,0,100,2,87.5,2,0,6,0,0
,,,15,Maxwell Moir,,807,Boston Bolts U15 NALB,NA,"CM,DM,LM,LW,RM,RW",6/1/2025 12:00:00 AM,Round 0601,,0,0,4,2,51,1,0,0,25,14,0,1,2,2,2,0,1,65,14,40,26,72.41,0,0,64.1,0,50,28,1,27,0,0,13,11,3,0,14,48.15,123,9,0,3,158,51,21,12,99,281,63,81.69,61.63,74.53,7,4,0,0,1,1,2,0,0,0,0,0,0,0,0,0,0,0,0,,0,NA,6,,0,100,6,89.47,2,0,17,0,0
,,,17,Kevin Ferreira,,98,Boston Bolts U15 NALB,NA,"CM,LW",6/1/2025 12:00:00 AM,Round 0601,,0,0,0,1,4,0,0,0,2,1,0,0,0,0,1,0,2,3,1,4,3,63.64,0,0,66.67,,,1,0,1,0,0,0,0,1,0,1,0,22,6,0,0,19,7,3,0,6,41,13,75.93,48.15,73.08,2,0,3,0,0,0,1,0,0,0,0,0,0,0,0,0,0,0,0,,0,NA,2,,0,100,1,80,0,0,0,0,0
,,,18,Bart Byers,,855,Boston Bolts U15 NALB,NA,"LB,RB",6/1/2025 12:00:00 AM,Round 0601,,0,0,0,1,15,0,0,0,17,9,1,0,1,1,5,1,6,89,46,49,31,64.19,0,0,65.38,100,50,3,0,4,0,0,1,1,2,0,2,25,185,16,9,12,230,99,69,7,26,424,127,76.95,63.52,68.29,9,0,8,0,0,0,0,0,0,0,0,0,0,0,0,0,0,0,0,,0,NA,11,,0,100,0,100,92,0,7,0,0
,,,23,Phineas Tomsho,,1133,Boston Bolts U15 NALB,NA,"AM,CM,DM,LM,LW",6/1/2025 12:00:00 AM,Round 0601,,0,0,1,6,66,5,0,0,17,18,0,0,1,1,3,1,2,84,34,27,16,68.94,2,1,48.57,,50,20,0,19,0,0,10,8,1,9,18,52.63,294,32,9,17,244,100,92,28,92,547,149,78.59,53.16,68.38,16,1,29,6,25,1,26,0,0,0,0,0,0,0,0,0,0,0,0,,0,NA,14,,0,100,5,92.96,11,0,47,0,0
,,,31,Devin Patel,,585,Boston Bolts U15 NALB,NA,GK,6/1/2025 12:00:00 AM,Round 0601,,0,0,1,0,0,0,1,8,2,1,1,1,0,0,2,1,5,21,5,7,1,82.35,0,0,66.67,50,,0,0,0,0,0,0,0,0,0,0,,65,0,23,14,123,19,35,0,1,211,33,86.48,73.36,81.56,3,1,2,0,0,0,0,0,0,0,0,39,0,9,3,49,4,23,16,82.98,7,NA,5,,0,,0,,0,95,0,0,157
,,,0,Guest Player,,40,Boston Bolts U15 NALB,NA,"DM,LB",6/1/2025 12:00:00 AM,Round 0601,,0,0,0,0,1,0,0,0,0,1,0,0,0,0,0,0,2,0,0,6,4,60,1,0,0,,,0,0,0,0,0,0,0,0,0,0,,3,1,0,0,11,7,0,0,0,14,8,63.64,81.82,61.11,0,0,0,0,0,0,0,0,0,0,0,0,0,0,0,0,0,0,0,,0,NA,0,,0,,0,100,2,0,0,0,0
,,,0,Lucas,,36,Boston Bolts U15 NALB,NA,LB,6/1/2025 12:00:00 AM,Round 0601,,0,0,0,0,0,0,0,0,0,1,0,0,0,0,2,0,0,4,2,6,3,66.67,0,2,0,,,0,0,0,0,0,0,0,0,2,1,,5,0,0,0,21,3,0,1,5,26,3,89.66,82.76,87.5,0,0,0,0,0,0,0,0,0,0,0,0,0,0,0,0,0,0,0,,0,NA,0,,0,,0,,3,0,0,0,0
,,,16,Colin Stokes,,755,Boston Bolts U15 NALB,NA,"CM,LW,RW",6/1/2025 12:00:00 AM,Round 0601,,0,0,2,4,47,1,0,0,19,8,0,1,2,2,1,3,2,55,18,29,17,70.59,2,0,70.37,0,50,18,1,15,0,1,5,3,6,7,11,33.33,97,14,3,7,139,58,33,19,68,239,79,75.16,65.09,68.6,17,2,3,0,4,1,12,0,0,0,0,0,0,0,0,0,0,0,0,,0,NA,10,,0,100,10,82.46,3,0,18,0,0
,,,99,Lucas Tully Femenia,,449,Boston Bolts U15 NALB,NA,"CM,LB,LW,RCB",6/1/2025 12:00:00 AM,Round 0601,,0,0,0,1,13,1,0,0,16,3,3,0,4,0,5,2,2,43,28,14,11,59.38,2,0,84.21,100,100,12,0,6,0,0,2,2,2,7,8,33.33,45,3,9,13,131,66,51,6,29,185,82,69.29,82.02,63.93,1,0,2,0,1,0,0,0,0,0,0,0,0,0,0,0,0,0,0,,0,NA,3,,0,100,0,100,54,0,5,0,0
,,,0,Dean Olszeswski,,159,Boston Bolts U15 NALB,NA,RB,6/1/2025 12:00:00 AM,Round 0601,,0,0,0,0,2,0,0,0,2,5,0,0,1,1,5,0,1,8,7,7,10,46.88,0,0,28.57,,50,1,1,1,0,0,0,1,0,0,1,0,7,0,1,1,24,19,6,1,8,32,20,61.54,86.54,55.56,1,0,1,0,0,0,0,0,0,0,0,0,0,0,0,0,0,0,0,,0,NA,2,,0,100,0,100,23,0,0,0,0
,,,0,Isaac Lewis,,115,Boston Bolts U15 NALB,NA,"LW,RW",6/1/2025 12:00:00 AM,Round 0601,,0,0,0,1,5,1,0,0,2,3,1,0,0,1,1,0,0,4,1,1,3,55.56,0,0,40,100,0,3,0,1,0,0,0,1,0,2,6,0,10,0,3,0,11,5,5,2,5,24,5,82.76,65.52,73.68,3,0,1,0,0,0,1,0,0,0,0,0,0,0,0,0,0,0,0,,0,NA,0,,0,100,1,83.33,2,0,3,0,0
,,,0,JT Garcia,,256,Boston Bolts U15 NALB,NA,"ATT,CM",6/1/2025 12:00:00 AM,Round 0601,,1,0,0,0,9,3,0,0,7,6,0,1,0,0,3,0,1,11,8,4,2,60,0,0,53.85,0,,3,3,12,1,1,5,5,0,1,1,50,33,3,1,5,28,19,16,5,29,62,27,69.66,59.55,54.72,4,0,0,0,0,0,0,0,0,0,0,0,0,0,0,0,0,0,0,,0,NA,1,,0,100,2,81.82,1,0,2,0,0
,,,0,Lucas Tully-Femenia,,54,Boston Bolts U15 NALB,NA,"LB,LW",6/1/2025 12:00:00 AM,Round 0601,,0,0,0,1,2,0,0,0,1,7,0,0,0,0,3,0,3,7,2,6,1,81.25,0,0,12.5,,,0,0,1,0,0,0,1,0,0,0,0,7,2,2,1,15,0,10,2,4,24,3,88.89,66.67,94.44,0,0,0,0,0,0,0,0,0,0,0,0,0,0,0,0,0,0,0,,0,NA,1,,0,,0,100,5,0,1,0,0
,,,0,Mateo Kramer-Gomez,,35,Boston Bolts U15 NALB,NA,RB,6/1/2025 12:00:00 AM,Round 0601,,0,0,0,0,0,0,0,0,1,1,0,0,0,1,0,1,0,0,1,3,3,42.86,1,0,50,,0,1,0,0,0,0,0,0,0,0,0,,2,0,1,1,9,3,2,0,0,12,4,75,87.5,71.43,0,0,0,0,0,0,0,0,0,0,0,0,0,0,0,0,0,0,0,,0,NA,1,,0,100,0,,9,0,0,0,0
,,,0,Lucas Byers,,180,Boston Bolts U15 NALB,NA,LB,6/1/2025 12:00:00 AM,Round 0601,,0,0,0,0,3,1,0,0,4,2,0,1,0,0,4,0,1,23,7,11,4,75.56,0,0,66.67,0,,0,1,1,0,0,0,0,1,2,3,0,16,0,0,9,45,17,12,3,11,61,26,70.11,81.61,63.38,0,0,1,0,0,0,0,0,0,0,0,0,0,0,0,0,0,0,0,,0,NA,3,,0,,0,100,29,0,1,0,0
,Running By Position Player,,,,,,,,,,,,,,,,,,,,,,,,,,,,,,,,,,,,,,,,,,,,,,,,,,,,,,,,,,,,,,,,,,,,,,,,,,,,,,,,,,,,,,,,,,,,,,,,
,,,0,Isaac Rodriguez,,41,Boston Bolts U15 NALB,NA,RW,6/1/2025 12:00:00 AM,Round 0601,,0,0,0,0,2,0,0,0,2,0,0,0,0,0,0,0,0,4,0,0,0,100,0,0,100,,,2,0,0,0,0,0,0,0,1,0,,6,1,0,0,3,3,0,0,4,9,4,69.23,46.15,50,0,0,0,0,1,0,0,0,0,0,0,0,0,0,0,0,0,0,0,,0,NA,0,,0,100,1,66.67,0,0,0,0,0
,,,1,Drew Crosby,,1165,Boston Bolts U15 NALB,NA,GK,6/1/2025 12:00:00 AM,Round 0601,,0,0,0,0,0,0,0,22,2,1,1,2,0,0,10,0,3,35,12,8,3,74.14,0,0,66.67,33.33,,0,0,0,0,0,0,0,0,0,0,,114,6,17,31,217,14,40,1,4,348,51,87.22,69.92,83.87,2,0,10,0,0,0,0,0,0,0,0,102,2,13,5,96,1,44,32,77.55,20,NA,17,,0,,0,,3,172,0,0,377
,,,2,Neel Kapur,,123,Boston Bolts U15 NALB,NA,CM,6/1/2025 12:00:00 AM,Round 0601,,0,0,0,0,3,0,0,0,13,8,0,0,2,3,1,0,0,8,3,21,13,64.44,0,0,61.9,,40,1,0,4,0,0,1,2,1,1,0,25,38,4,0,1,72,19,10,5,11,110,24,82.09,68.66,78.26,0,0,3,1,0,0,0,0,0,0,0,0,0,0,0,0,0,0,0,,0,NA,2,,0,100,0,100,0,0,0,0,0
,,,2,Neel Kapur,,288,Boston Bolts U15 NALB,NA,DM,6/1/2025 12:00:00 AM,Round 0601,,0,0,0,0,4,1,0,0,13,1,0,0,0,0,4,0,1,26,7,42,9,80.95,1,0,92.86,,,4,0,2,0,2,0,0,0,1,0,0,111,9,1,0,105,27,18,4,20,217,36,85.77,52.57,79.7,2,0,3,0,2,0,0,0,0,0,0,0,0,0,0,0,0,0,0,,0,NA,5,,0,100,1,80,0,0,3,0,0
,,,2,Neel Kapur,,80,Boston Bolts U15 NALB,NA,RB,6/1/2025 12:00:00 AM,Round 0601,,0,0,0,0,7,0,0,0,4,0,0,0,0,0,2,0,2,5,2,10,2,78.95,0,0,100,,,0,0,0,0,0,0,0,0,2,2,,20,0,0,1,20,10,0,0,4,40,11,78.43,60.78,64.52,1,0,1,0,0,0,0,0,0,0,0,0,0,0,0,0,0,0,0,,0,NA,1,,0,,0,100,14,0,0,0,0
,,,4,Diego Liteplo,,80,Boston Bolts U15 NALB,NA,CM,6/1/2025 12:00:00 AM,Round 0601,,0,0,0,0,8,0,0,0,6,2,0,0,0,0,0,0,0,6,1,5,2,78.57,1,0,75,,,2,1,3,1,0,1,1,0,0,3,66.67,16,1,1,0,13,3,1,2,7,30,4,88.24,50,82.35,1,0,0,0,1,0,1,0,0,0,0,0,0,0,0,0,0,0,0,,0,NA,1,,0,100,1,88.89,1,0,1,0,0
,,,4,Diego Liteplo,,732,Boston Bolts U15 NALB,NA,LCB,6/1/2025 12:00:00 AM,Round 0601,,0,0,1,0,6,0,0,1,17,14,0,0,8,2,21,6,20,83,46,54,25,65.87,7,1,54.84,,80,1,1,5,1,0,0,4,0,0,0,20,169,8,20,26,237,101,115,3,16,426,135,75.94,68.45,66.93,1,1,12,1,0,0,0,0,1,0,0,0,0,0,0,0,0,0,0,0,0,NA,10,,0,100,0,100,0,1,2,0,0
,,,4,Diego Liteplo,,766,Boston Bolts U15 NALB,NA,RCB,6/1/2025 12:00:00 AM,Round 0601,,0,0,1,0,18,0,0,0,20,5,0,0,4,2,12,5,6,75,25,40,30,67.65,11,0,80,,66.67,4,0,11,1,5,3,1,1,1,1,36.36,163,7,18,30,241,69,66,2,22,422,106,79.92,67.8,72.35,3,1,12,0,0,0,0,0,0,0,0,0,0,0,0,0,0,0,0,,0,NA,10,,0,100,0,100,0,0,7,0,0
,,,5,Charlie Gallagher,,44,Boston Bolts U15 NALB,NA,RB,6/1/2025 12:00:00 AM,Round 0601,,0,0,0,0,3,0,0,0,0,2,0,0,0,0,2,0,0,2,2,8,2,71.43,0,0,0,,,0,0,0,0,0,0,0,0,0,0,,10,1,0,0,14,4,0,0,3,24,5,82.76,62.07,77.78,0,0,0,0,0,0,0,0,0,0,0,0,0,0,0,0,0,0,0,,0,NA,1,,0,,0,100,9,0,0,0,0
,,,5,Charlie Gallagher,,456,Boston Bolts U15 NALB,NA,RW,6/1/2025 12:00:00 AM,Round 0601,,0,0,1,2,14,2,0,0,5,3,0,0,0,0,7,1,1,26,7,20,9,74.19,0,0,62.5,,,6,1,3,0,0,3,0,0,3,6,100,60,6,3,0,54,27,20,13,31,117,33,78,56,67.86,5,1,1,0,2,1,1,0,0,0,0,0,0,0,0,0,0,0,0,,0,NA,10,,0,100,1,93.33,11,0,11,0,0
,,,6,Rory Andrew,,20,Boston Bolts U15 NALB,NA,ATT,6/1/2025 12:00:00 AM,Round 0601,,0,0,1,0,0,0,0,0,3,0,0,0,0,0,0,0,0,2,2,0,2,33.33,0,0,100,,,0,0,5,0,0,3,1,1,0,0,60,8,3,0,0,1,3,0,0,2,9,6,60,26.67,25,0,1,0,0,0,0,0,0,0,0,0,0,0,0,0,0,0,0,0,,0,NA,0,,0,,0,,0,0,0,0,0
,,,6,Rory Andrew,,771,Boston Bolts U15 NALB,NA,LCB,6/1/2025 12:00:00 AM,Round 0601,,0,0,0,0,17,0,0,0,19,10,0,0,7,0,12,4,8,61,41,56,32,61.58,4,1,65.52,,100,2,1,12,1,5,1,3,2,0,2,16.67,142,7,17,31,271,97,82,5,17,430,135,76.11,73.63,69.23,6,0,20,6,0,0,0,0,0,0,0,0,0,0,0,0,0,0,0,,0,NA,12,,0,100,0,100,1,0,3,0,0
,,,6,Rory Andrew,,859,Boston Bolts U15 NALB,NA,RCB,6/1/2025 12:00:00 AM,Round 0601,,0,0,1,0,9,1,0,0,31,15,0,0,12,0,29,5,22,111,42,63,28,71.31,7,1,67.39,,100,2,2,9,1,2,1,4,1,1,2,22.22,196,3,34,27,211,83,118,1,21,441,113,79.6,64.08,69.01,7,1,10,4,0,0,0,0,0,0,0,0,0,0,0,0,0,0,0,,0,NA,9,,0,100,1,90,1,0,2,0,0
,,,8,Adrian Avini,,327,Boston Bolts U15 NALB,NA,ATT,6/1/2025 12:00:00 AM,Round 0601,,0,0,4,0,6,5,0,0,9,2,0,0,0,0,1,0,1,11,4,9,7,64.52,0,0,81.82,,,6,1,16,2,1,8,5,0,3,3,62.5,54,8,1,0,33,16,4,13,39,88,24,78.57,44.64,68,1,4,1,0,0,0,1,0,0,0,0,0,0,0,0,0,0,0,0,,0,NA,5,,0,100,2,75,1,0,5,0,0
,,,8,Adrian Avini,,43,Boston Bolts U15 NALB,NA,CM,6/1/2025 12:00:00 AM,Round 0601,,0,0,0,0,3,0,0,0,1,4,0,0,0,0,1,0,1,6,0,3,2,81.82,0,0,20,,,0,0,1,0,0,0,1,0,0,0,0,23,0,0,0,16,4,9,0,0,39,4,90.7,46.51,80,0,0,1,0,0,0,0,0,0,0,0,0,0,0,0,0,0,0,0,,0,NA,1,,0,,0,100,0,0,0,0,0
,,,8,Adrian Avini,,38,Boston Bolts U15 NALB,NA,LW,6/1/2025 12:00:00 AM,Round 0601,,0,0,0,0,0,1,0,0,0,0,0,0,0,0,0,0,0,2,0,0,0,100,0,0,,,,0,0,0,0,0,0,0,0,0,1,,3,1,0,0,1,1,2,0,2,4,2,66.67,33.33,50,0,0,0,0,0,0,0,0,0,0,0,0,0,0,0,0,0,0,0,,0,NA,0,,0,,0,,0,0,0,0,0
,,,8,Adrian Avini,,13,Boston Bolts U15 NALB,NA,RW,6/1/2025 12:00:00 AM,Round 0601,,0,0,0,0,1,0,0,0,0,1,0,0,0,0,0,0,0,1,0,1,0,100,0,0,0,,,0,0,0,0,0,0,0,0,0,0,,2,0,1,0,3,3,1,3,1,6,3,66.67,77.78,57.14,0,0,0,0,0,0,0,0,0,0,0,0,0,0,0,0,0,0,0,,0,NA,0,,0,,0,100,0,0,0,0,0
,,,7,Osiris Ramos,,20,Boston Bolts U15 NALB,NA,LB,6/1/2025 12:00:00 AM,Round 0601,,0,0,0,0,1,0,0,0,1,0,0,0,0,0,0,0,0,1,0,2,1,75,0,0,100,,,0,0,1,0,0,0,0,1,0,0,0,6,0,0,0,5,3,0,0,1,11,3,78.57,57.14,62.5,1,0,0,0,0,0,0,0,0,0,0,0,0,0,0,0,0,0,0,,0,NA,1,,0,,0,100,1,0,0,0,0
,,,7,Osiris Ramos,,41,Boston Bolts U15 NALB,NA,LCB,6/1/2025 12:00:00 AM,Round 0601,,0,0,0,0,5,0,0,0,1,1,0,1,0,0,0,0,0,2,1,1,2,50,1,0,50,0,,2,0,1,0,0,0,1,0,0,0,0,7,0,0,0,14,6,6,0,3,21,6,77.78,74.07,70,1,0,0,0,0,0,0,0,0,0,0,0,0,0,0,0,0,0,0,,0,NA,0,,0,100,0,100,1,0,0,0,0
,,,7,Osiris Ramos,,40,Boston Bolts U15 NALB,NA,LW,6/1/2025 12:00:00 AM,Round 0601,,0,0,0,0,0,1,0,0,0,2,0,0,0,0,0,0,0,4,0,1,0,100,0,0,0,,,0,0,1,0,0,0,1,0,0,1,0,8,1,0,0,4,3,0,1,7,12,4,75,43.75,57.14,1,0,0,0,0,0,1,0,0,0,0,0,0,0,0,0,0,0,0,,0,NA,0,,0,,1,0,1,0,0,0,0
,,,7,Osiris Ramos,,822,Boston Bolts U15 NALB,NA,RW,6/1/2025 12:00:00 AM,Round 0601,,0,0,4,7,25,5,0,0,27,27,1,2,1,3,6,0,0,45,22,18,14,63.64,1,0,50,33.33,25,15,0,23,0,0,10,12,1,13,30,43.48,103,19,3,8,87,48,26,32,53,193,75,72.01,54.48,61.64,7,4,0,0,4,2,1,0,0,0,0,0,0,0,0,0,0,0,0,,0,NA,10,,0,100,3,89.29,9,0,24,0,0
,,,9,Christian Smyth,,146,Boston Bolts U15 NALB,NA,CM,6/1/2025 12:00:00 AM,Round 0601,,0,0,0,0,6,0,0,0,2,1,0,0,0,1,0,0,0,8,3,3,1,73.33,0,0,66.67,,0,2,0,3,0,0,1,1,1,0,6,33.33,33,5,1,1,26,11,7,8,7,60,17,77.92,50.65,69.23,0,0,0,0,0,2,0,0,0,0,0,0,0,0,0,0,0,0,0,,0,NA,2,,0,100,0,100,2,0,5,0,0
,,,9,Christian Smyth,,36,Boston Bolts U15 NALB,NA,LB,6/1/2025 12:00:00 AM,Round 0601,,0,0,1,0,3,0,0,0,3,1,2,1,0,0,2,1,1,3,2,5,1,72.73,0,0,75,66.67,,0,0,0,0,0,0,0,0,0,3,,17,1,3,5,16,5,5,1,4,36,11,76.6,61.7,65.52,1,1,2,0,0,0,0,0,0,0,0,0,0,0,0,0,0,0,0,,0,NA,1,,0,,0,100,9,0,1,0,0
,,,9,Christian Smyth,,968,Boston Bolts U15 NALB,NA,LW,6/1/2025 12:00:00 AM,Round 0601,,0,0,4,1,34,8,0,0,17,21,1,0,1,0,7,1,2,58,19,34,21,69.7,0,1,44.74,100,100,13,2,20,1,2,9,7,1,3,18,50,155,22,1,5,131,71,32,17,101,287,98,74.55,54.03,63.46,3,4,0,0,1,5,0,0,0,0,0,0,0,0,0,0,0,0,0,,0,NA,15,,0,100,8,80.95,6,0,23,0,0
,,,9,Christian Smyth,,69,Boston Bolts U15 NALB,NA,RW,6/1/2025 12:00:00 AM,Round 0601,,0,0,0,1,5,0,0,0,1,0,0,0,0,0,3,0,0,4,0,11,3,83.33,0,0,100,,,3,0,3,0,0,0,0,3,4,4,0,15,2,0,0,22,6,1,3,6,37,8,82.22,62.22,78.57,1,0,0,0,1,1,3,0,0,0,0,0,0,0,0,0,0,0,0,,0,NA,1,,0,100,0,100,1,0,2,0,0
,,,10,Benjamin Gill,,91,Boston Bolts U15 NALB,NA,AM,6/1/2025 12:00:00 AM,Round 0601,,0,0,0,0,5,1,0,0,2,3,0,1,0,0,1,0,0,8,2,7,2,78.95,0,0,40,0,,3,0,3,0,1,1,1,0,0,1,33.33,9,0,1,2,14,9,10,2,5,24,11,68.57,74.29,57.69,2,0,0,0,0,0,1,0,0,0,0,0,0,0,0,0,0,0,0,,0,NA,2,,0,100,1,83.33,0,0,1,0,0
,,,10,Benjamin Gill,,262,Boston Bolts U15 NALB,NA,ATT,6/1/2025 12:00:00 AM,Round 0601,,0,0,2,2,8,3,0,0,4,7,1,0,0,0,0,0,0,5,2,5,4,62.5,0,1,36.36,100,,4,2,17,2,2,6,4,3,0,2,47.06,38,10,1,2,19,14,5,8,24,58,26,69.05,42.86,55.56,2,2,2,0,0,0,0,0,0,0,0,0,0,0,0,0,0,0,0,,0,NA,5,,0,100,2,80,3,0,2,0,0
,,,10,Benjamin Gill,,394,Boston Bolts U15 NALB,NA,CM,6/1/2025 12:00:00 AM,Round 0601,,0,0,5,1,14,2,0,0,5,6,0,0,0,2,2,0,0,21,8,4,5,65.79,0,0,45.45,,0,10,0,20,1,1,12,3,3,2,0,65,36,3,2,1,38,21,8,3,38,76,25,75.25,61.39,64.52,1,5,1,0,0,0,1,0,0,0,0,0,0,0,0,0,0,0,0,,0,NA,7,,0,100,3,82.35,1,0,7,0,0
,,,10,Benjamin Gill,,471,Boston Bolts U15 NALB,NA,LW,6/1/2025 12:00:00 AM,Round 0601,,0,0,5,3,19,6,0,0,8,3,2,0,0,0,1,0,1,23,7,8,7,68.89,0,0,72.73,100,,7,0,28,1,0,13,8,6,4,11,50,80,15,3,0,52,25,9,14,46,135,40,77.14,45.71,68.75,1,5,4,1,2,1,2,0,0,0,0,0,0,0,0,0,0,0,0,,0,NA,5,,0,100,2,90.48,7,0,14,0,0
,,,10,Benjamin Gill,,26,Boston Bolts U15 NALB,NA,RM,6/1/2025 12:00:00 AM,Round 0601,,0,0,1,0,0,0,0,0,1,0,0,0,0,0,1,0,0,1,0,2,0,100,0,0,100,,,0,1,1,1,0,0,0,0,0,0,100,9,0,0,0,2,1,0,1,2,11,1,91.67,25,66.67,1,1,0,0,0,0,0,0,0,0,0,0,0,0,0,0,0,0,0,,0,NA,0,,0,,0,,0,0,0,0,0
,,,10,Benjamin Gill,,9,Boston Bolts U15 NALB,NA,RW,6/1/2025 12:00:00 AM,Round 0601,,0,0,0,0,0,0,0,0,0,0,0,0,0,0,0,0,0,0,0,0,0,,0,0,,,,0,0,1,0,0,0,0,1,0,1,0,0,1,0,0,2,1,0,0,1,2,2,50,75,66.67,0,0,1,1,0,0,0,0,0,0,0,0,0,0,0,0,0,0,0,,0,NA,0,,0,,0,,1,0,0,0,0
,,,11,Dean Olszewski,,69,Boston Bolts U15 NALB,NA,LB,6/1/2025 12:00:00 AM,Round 0601,,0,0,0,1,4,0,0,0,2,1,0,0,0,0,1,0,2,5,1,2,1,77.78,0,0,66.67,,,1,0,0,0,0,0,0,0,1,1,,7,0,0,0,11,5,5,0,3,18,5,78.26,69.57,68.75,1,0,1,1,0,0,0,0,0,0,0,0,0,0,0,0,0,0,0,,0,NA,1,,0,100,0,100,6,0,1,0,0
,,,11,Dean Olszewski,,824,Boston Bolts U15 NALB,NA,RB,6/1/2025 12:00:00 AM,Round 0601,,0,0,0,0,10,0,0,0,24,4,0,0,4,0,9,2,9,76,41,40,25,63.74,4,1,85.71,,100,1,0,4,0,0,1,1,2,5,11,25,99,11,6,10,154,105,46,7,27,259,126,67.27,71.43,58.18,5,0,3,1,0,0,0,0,0,0,0,0,0,0,0,0,0,0,0,,0,NA,8,,0,100,0,100,118,0,9,0,0
,,,12,Calvin Frey,,683,Boston Bolts U15 NALB,NA,ATT,6/1/2025 12:00:00 AM,Round 0601,,0,0,4,2,17,4,0,0,11,12,1,0,1,0,2,1,1,29,12,12,3,73.21,0,0,47.83,100,100,12,4,23,0,0,13,6,4,5,10,56.52,137,12,2,6,58,46,23,15,85,197,64,75.48,42.91,53.57,5,4,0,0,0,0,0,0,0,0,0,0,0,0,0,0,0,0,0,,0,NA,10,,0,100,5,77.27,1,0,14,0,0
,,,12,Calvin Frey,,330,Boston Bolts U15 NALB,NA,CM,6/1/2025 12:00:00 AM,Round 0601,,0,0,1,0,10,0,0,0,3,6,0,0,0,0,0,0,0,17,2,12,8,74.36,0,0,33.33,,,11,0,12,1,0,3,5,3,0,5,33.33,86,7,0,1,47,31,23,13,25,133,39,77.33,45.93,59.49,3,1,0,0,0,0,1,0,0,0,0,0,0,0,0,0,0,0,0,,0,NA,3,,0,100,0,100,3,0,7,0,0
,,,12,Calvin Frey,,71,Boston Bolts U15 NALB,NA,RCB,6/1/2025 12:00:00 AM,Round 0601,,0,0,0,0,1,0,0,0,4,1,1,0,0,0,3,1,3,4,4,4,3,53.33,0,0,80,100,,0,0,2,1,0,0,1,0,0,0,50,16,1,3,4,20,8,3,0,2,39,13,75,67.31,65.71,0,0,2,0,0,0,0,0,0,0,0,0,0,0,0,0,0,0,0,,0,NA,1,,0,,0,100,0,0,0,0,0
,,,12,Calvin Frey,,111,Boston Bolts U15 NALB,NA,RM,6/1/2025 12:00:00 AM,Round 0601,,0,0,2,1,4,0,0,0,3,3,0,0,0,0,0,0,0,3,1,11,7,63.64,0,0,50,,,2,0,4,1,0,1,1,1,1,1,50,35,3,0,0,14,9,1,4,14,49,12,80.33,37.7,60.87,3,2,0,0,0,1,0,0,0,0,0,0,0,0,0,0,0,0,0,,0,NA,2,,0,100,1,80,1,0,1,0,0
,,,13,Mateo Kramer Gomez,,213,Boston Bolts U15 NALB,NA,LB,6/1/2025 12:00:00 AM,Round 0601,,0,0,0,0,3,0,0,0,6,8,3,0,4,0,4,2,0,18,7,13,15,58.49,0,0,42.86,100,100,4,1,2,1,0,1,0,0,0,4,100,14,3,1,5,59,23,14,0,13,74,31,70.48,83.81,68.18,5,0,1,1,0,0,0,0,0,0,0,0,0,0,0,0,0,0,0,,0,NA,3,,0,100,0,100,34,0,0,0,0
,,,13,Mateo Kramer Gomez,,38,Boston Bolts U15 NALB,NA,LW,6/1/2025 12:00:00 AM,Round 0601,,0,0,0,0,0,0,0,0,0,0,0,0,0,0,0,0,0,3,2,0,0,60,0,0,,,,0,0,1,0,0,0,1,0,0,1,0,6,0,0,0,5,2,4,0,6,11,2,84.62,53.85,71.43,1,0,0,0,0,0,0,0,0,0,0,0,0,0,0,0,0,0,0,,0,NA,0,,0,,0,,0,0,0,0,0
,,,13,Mateo Kramer Gomez,,537,Boston Bolts U15 NALB,NA,RB,6/1/2025 12:00:00 AM,Round 0601,,0,0,0,0,13,0,0,0,15,5,7,1,0,2,9,3,3,35,19,40,18,66.96,3,0,75,87.5,0,2,0,0,0,0,0,0,0,0,2,,71,4,6,8,127,43,35,3,18,204,55,78.76,71.04,72.28,7,0,8,0,0,0,0,0,0,0,0,0,0,0,0,0,0,0,0,,0,NA,9,,0,100,1,92.86,73,0,0,0,0
,,,13,Mateo Kramer Gomez,,20,Boston Bolts U15 NALB,NA,RCB,6/1/2025 12:00:00 AM,Round 0601,,0,0,0,0,0,0,0,0,1,0,0,0,0,0,1,0,0,0,0,3,0,100,0,0,100,,,0,0,0,0,0,0,0,0,0,0,,3,0,0,0,5,1,0,0,1,8,1,88.89,66.67,83.33,0,0,0,0,0,0,0,0,0,0,0,0,0,0,0,0,0,0,0,,0,NA,0,,0,,0,,0,0,0,0,0
,,,13,Mateo Kramer Gomez,,87,Boston Bolts U15 NALB,NA,RW,6/1/2025 12:00:00 AM,Round 0601,,0,0,1,0,5,1,0,0,3,1,0,0,0,0,0,0,0,5,1,1,2,66.67,0,0,75,,,2,0,1,0,0,1,0,0,0,2,100,11,2,0,0,14,3,2,4,7,25,5,83.33,56.67,82.35,2,1,0,0,0,0,0,0,0,0,0,0,0,0,0,0,0,0,0,,0,NA,0,,0,100,0,100,3,0,5,0,0
,,,14,William McKenna,,37,Boston Bolts U15 NALB,NA,ATT,6/1/2025 12:00:00 AM,Round 0601,,0,0,2,1,3,0,0,0,1,0,0,0,0,0,1,0,0,0,0,0,0,,0,0,100,,,1,0,3,0,0,3,0,0,0,0,100,7,0,0,0,2,1,1,1,3,9,1,90,30,66.67,1,2,0,0,0,0,0,0,0,0,0,0,0,0,0,0,0,0,0,,0,NA,0,,0,100,0,100,0,0,1,0,0
,,,14,William McKenna,,117,Boston Bolts U15 NALB,NA,CM,6/1/2025 12:00:00 AM,Round 0601,,0,0,0,0,0,0,0,0,3,1,0,0,0,0,0,0,0,5,6,4,2,52.94,0,0,75,,,0,0,1,0,0,0,1,0,0,1,0,18,3,0,0,11,14,2,1,15,29,17,63.04,54.35,44,0,0,0,0,1,0,0,0,0,0,0,0,0,0,0,0,0,0,0,,0,NA,1,,0,,1,0,0,0,2,0,0
,,,14,William McKenna,,846,Boston Bolts U15 NALB,NA,DM,6/1/2025 12:00:00 AM,Round 0601,,0,0,0,1,6,0,0,0,24,20,0,0,3,3,7,1,2,61,30,31,18,65.71,1,0,54.55,,50,2,1,7,0,1,1,3,2,1,1,14.29,122,5,10,13,131,64,49,4,43,263,82,76.23,63.19,64.68,2,0,1,0,0,0,0,0,0,0,0,0,0,0,0,1,0,0,0,,0,NA,10,,0,100,1,85.71,0,0,2,0,0
,,,14,William McKenna,,38,Boston Bolts U15 NALB,NA,LB,6/1/2025 12:00:00 AM,Round 0601,,0,0,0,0,2,0,0,0,1,0,0,0,0,0,0,0,0,5,0,2,1,87.5,0,0,100,,,0,0,0,0,0,0,0,0,0,0,,25,0,1,0,11,3,2,0,0,37,3,92.5,37.5,80,0,0,0,0,0,0,0,0,0,0,0,0,0,0,0,0,0,0,0,,0,NA,0,,0,,0,100,1,0,0,0,0
,,,14,William McKenna,,26,Boston Bolts U15 NALB,NA,LCB,6/1/2025 12:00:00 AM,Round 0601,,0,0,0,0,0,0,0,0,1,0,0,0,0,0,0,0,1,1,1,0,0,50,0,1,100,,,0,0,0,0,0,0,0,0,0,0,,7,0,2,0,7,3,7,0,0,16,3,84.21,63.16,75,0,0,1,0,0,0,0,0,0,0,0,0,0,0,0,0,0,0,0,,0,NA,0,,0,,0,,0,0,0,0,0
,,,14,William McKenna,,26,Boston Bolts U15 NALB,NA,RB,6/1/2025 12:00:00 AM,Round 0601,,0,0,0,0,1,0,0,0,0,1,0,0,0,0,1,0,0,0,0,4,1,80,0,0,0,,,1,0,0,0,0,0,0,0,0,0,,4,0,0,1,7,3,1,1,2,11,4,73.33,73.33,63.64,0,0,0,0,0,0,0,0,0,0,0,0,0,0,0,0,0,0,0,,0,NA,0,,0,100,0,100,1,0,0,0,0
,,,14,William McKenna,,205,Boston Bolts U15 NALB,NA,RCB,6/1/2025 12:00:00 AM,Round 0601,,0,0,0,0,2,0,0,0,3,3,0,0,1,0,5,0,0,17,8,4,4,63.64,0,0,50,,100,2,0,1,0,0,0,0,1,0,0,0,41,2,5,6,54,15,17,0,2,100,23,81.3,65.04,73.75,2,0,3,0,0,0,0,0,0,0,0,0,0,0,0,0,0,0,0,,0,NA,2,,0,100,0,100,0,0,1,0,0
,,,15,Maxwell Moir,,489,Boston Bolts U15 NALB,NA,CM,6/1/2025 12:00:00 AM,Round 0601,,0,0,3,2,35,0,0,0,10,10,0,0,2,2,2,0,0,36,9,33,22,69,0,0,50,,50,15,1,18,0,0,7,9,2,0,7,38.89,76,6,0,3,111,27,7,9,62,187,36,83.86,63.23,78.72,4,3,0,0,0,1,1,0,0,0,0,0,0,0,0,0,0,0,0,,0,NA,5,,0,100,3,92.11,0,0,12,0,0
,,,15,Maxwell Moir,,62,Boston Bolts U15 NALB,NA,DM,6/1/2025 12:00:00 AM,Round 0601,,0,0,0,0,3,0,0,0,8,0,0,0,0,0,0,0,0,15,1,1,0,94.12,0,0,100,,,4,0,2,0,0,1,1,0,0,0,50,17,0,0,0,9,9,11,0,7,26,9,74.29,51.43,50,1,0,0,0,0,0,0,0,0,0,0,0,0,0,0,0,0,0,0,,0,NA,1,,0,100,0,100,0,0,1,0,0
,,,15,Maxwell Moir,,18,Boston Bolts U15 NALB,NA,LM,6/1/2025 12:00:00 AM,Round 0601,,0,0,0,0,2,0,0,0,1,0,0,0,0,0,0,0,0,1,1,2,1,60,0,0,100,,,0,0,1,0,0,0,0,1,0,0,0,3,0,0,0,4,3,0,0,4,7,3,70,70,57.14,0,0,0,0,0,0,0,0,0,0,0,0,0,0,0,0,0,0,0,,0,NA,0,,0,,0,100,0,0,0,0,0
,,,15,Maxwell Moir,,13,Boston Bolts U15 NALB,NA,LW,6/1/2025 12:00:00 AM,Round 0601,,0,0,0,0,1,0,0,0,1,0,0,0,0,0,0,0,0,1,0,0,0,100,0,0,100,,,1,0,0,0,0,0,0,0,0,0,,1,0,0,0,4,1,0,1,1,5,1,83.33,83.33,80,0,0,0,0,1,0,1,0,0,0,0,0,0,0,0,0,0,0,0,,0,NA,0,,0,100,1,50,0,0,1,0,0
,,,15,Maxwell Moir,,82,Boston Bolts U15 NALB,NA,RM,6/1/2025 12:00:00 AM,Round 0601,,0,0,1,0,5,0,0,0,3,0,0,1,0,0,0,0,0,3,0,3,2,75,0,0,100,0,,6,0,1,0,0,1,0,0,0,2,100,11,0,0,0,14,3,1,2,11,25,3,89.29,60.71,82.35,0,1,0,0,0,0,0,0,0,0,0,0,0,0,0,0,0,0,0,,0,NA,0,,0,100,2,71.43,0,0,2,0,0
,,,15,Maxwell Moir,,143,Boston Bolts U15 NALB,NA,RW,6/1/2025 12:00:00 AM,Round 0601,,0,0,0,0,5,1,0,0,2,4,0,0,0,0,0,0,1,9,3,1,1,71.43,0,0,33.33,,,2,0,5,0,0,4,1,0,0,5,80,15,3,0,0,16,8,2,0,14,31,11,73.81,57.14,66.67,2,0,0,0,0,0,0,0,0,0,0,0,0,0,0,0,0,0,0,,0,NA,0,,0,100,0,100,2,0,1,0,0
,,,17,Kevin Ferreira,,40,Boston Bolts U15 NALB,NA,CM,6/1/2025 12:00:00 AM,Round 0601,,0,0,0,0,1,0,0,0,0,0,0,0,0,0,0,0,0,0,0,1,1,50,0,0,,,,0,0,0,0,0,0,0,0,0,0,,11,3,0,0,10,3,1,0,2,21,6,77.78,48.15,76.92,0,0,1,0,0,0,0,0,0,0,0,0,0,0,0,0,0,0,0,,0,NA,1,,0,,0,100,0,0,0,0,0
,,,17,Kevin Ferreira,,58,Boston Bolts U15 NALB,NA,LW,6/1/2025 12:00:00 AM,Round 0601,,0,0,0,1,3,0,0,0,2,1,0,0,0,0,1,0,2,3,1,3,2,66.67,0,0,66.67,,,1,0,1,0,0,0,0,1,0,1,0,11,3,0,0,9,4,2,0,4,20,7,74.07,48.15,69.23,2,0,2,0,0,0,1,0,0,0,0,0,0,0,0,0,0,0,0,,0,NA,1,,0,100,1,75,0,0,0,0,0
,,,18,Bart Byers,,743,Boston Bolts U15 NALB,NA,LB,6/1/2025 12:00:00 AM,Round 0601,,0,0,0,1,13,0,0,0,12,5,1,0,1,1,4,1,6,76,38,47,23,66.85,0,0,70.59,100,50,3,0,4,0,0,1,1,2,0,1,25,174,15,9,9,201,81,60,7,23,384,105,78.53,61.35,70,9,0,8,0,0,0,0,0,0,0,0,0,0,0,0,0,0,0,0,,0,NA,11,,0,100,0,100,80,0,5,0,0
,,,18,Bart Byers,,112,Boston Bolts U15 NALB,NA,RB,6/1/2025 12:00:00 AM,Round 0601,,0,0,0,0,2,0,0,0,5,4,0,0,0,0,1,0,0,13,8,2,8,48.39,0,0,55.56,,,0,0,0,0,0,0,0,0,0,1,,11,1,0,3,29,18,9,0,3,40,22,64.52,80.65,58,0,0,0,0,0,0,0,0,0,0,0,0,0,0,0,0,0,0,0,,0,NA,0,,0,,0,100,12,0,2,0,0
,,,23,Phineas Tomsho,,20,Boston Bolts U15 NALB,NA,AM,6/1/2025 12:00:00 AM,Round 0601,,0,0,0,0,2,0,0,0,0,0,0,0,0,0,0,0,0,0,2,1,0,33.33,0,0,,,,1,0,0,0,0,0,0,0,0,0,,3,1,0,0,3,2,3,1,3,6,3,66.67,55.56,60,0,0,0,0,0,0,0,0,0,0,0,0,0,0,0,0,0,0,0,,0,NA,0,,0,100,0,100,0,0,0,0,0
,,,23,Phineas Tomsho,,674,Boston Bolts U15 NALB,NA,CM,6/1/2025 12:00:00 AM,Round 0601,,0,0,0,4,31,2,0,0,9,7,0,0,0,0,3,1,1,53,26,13,10,64.71,1,1,56.25,,,10,0,7,0,0,5,2,0,5,9,71.43,164,21,7,11,123,66,58,15,60,294,98,75,52.81,62.8,8,0,16,2,11,0,16,0,0,0,0,0,0,0,0,0,0,0,0,,0,NA,9,,0,100,4,88.57,5,0,22,0,0
,,,23,Phineas Tomsho,,257,Boston Bolts U15 NALB,NA,DM,6/1/2025 12:00:00 AM,Round 0601,,0,0,0,0,14,3,0,0,6,8,0,0,1,1,0,0,1,27,5,5,3,80,1,0,42.86,,50,5,0,8,0,0,3,4,1,1,5,37.5,86,5,2,5,76,18,22,3,13,164,28,85.42,52.6,77.23,2,0,9,3,8,1,6,0,0,0,0,0,0,0,0,0,0,0,0,,0,NA,3,,0,100,0,100,0,0,10,0,0
,,,23,Phineas Tomsho,,128,Boston Bolts U15 NALB,NA,LM,6/1/2025 12:00:00 AM,Round 0601,,0,0,1,2,15,0,0,0,1,3,0,0,0,0,0,0,0,1,1,4,2,62.5,0,0,25,,,3,0,2,0,0,1,1,0,3,3,50,36,4,0,1,23,10,7,6,13,59,15,79.73,45.95,67.65,4,1,3,1,3,0,1,0,0,0,0,0,0,0,0,0,0,0,0,,0,NA,2,,0,100,1,93.75,6,0,7,0,0
,,,23,Phineas Tomsho,,54,Boston Bolts U15 NALB,NA,LW,6/1/2025 12:00:00 AM,Round 0601,,0,0,0,0,4,0,0,0,1,0,0,0,0,0,0,0,0,3,0,4,1,87.5,0,0,100,,,1,0,2,0,0,1,1,0,0,1,50,5,1,0,0,19,4,2,3,3,24,5,82.76,79.31,82.61,2,0,1,0,3,0,3,0,0,0,0,0,0,0,0,0,0,0,0,,0,NA,0,,0,100,0,100,0,0,8,0,0
,,,31,Devin Patel,,585,Boston Bolts U15 NALB,NA,GK,6/1/2025 12:00:00 AM,Round 0601,,0,0,1,0,0,0,1,8,2,1,1,1,0,0,2,1,5,21,5,7,1,82.35,0,0,66.67,50,,0,0,0,0,0,0,0,0,0,0,,65,0,23,14,123,19,35,0,1,211,33,86.48,73.36,81.56,3,1,2,0,0,0,0,0,0,0,0,39,0,9,3,49,4,23,16,82.98,7,NA,5,,0,,0,,0,95,0,0,157
,,,0,Guest Player,,20,Boston Bolts U15 NALB,NA,DM,6/1/2025 12:00:00 AM,Round 0601,,0,0,0,0,1,0,0,0,0,1,0,0,0,0,0,0,1,0,0,2,1,66.67,0,0,0,,,0,0,0,0,0,0,0,0,0,0,,0,1,0,0,2,3,0,0,0,2,4,33.33,83.33,40,0,0,0,0,0,0,0,0,0,0,0,0,0,0,0,0,0,0,0,,0,NA,0,,0,,0,100,0,0,0,0,0
,,,0,Guest Player,,20,Boston Bolts U15 NALB,NA,LB,6/1/2025 12:00:00 AM,Round 0601,,0,0,0,0,0,0,0,0,0,0,0,0,0,0,0,0,1,0,0,4,3,57.14,1,0,,,,0,0,0,0,0,0,0,0,0,0,,3,0,0,0,9,4,0,0,0,12,4,75,81.25,69.23,0,0,0,0,0,0,0,0,0,0,0,0,0,0,0,0,0,0,0,,0,NA,0,,0,,0,,2,0,0,0,0
,,,0,Lucas,,36,Boston Bolts U15 NALB,NA,LB,6/1/2025 12:00:00 AM,Round 0601,,0,0,0,0,0,0,0,0,0,1,0,0,0,0,2,0,0,4,2,6,3,66.67,0,2,0,,,0,0,0,0,0,0,0,0,2,1,,5,0,0,0,21,3,0,1,5,26,3,89.66,82.76,87.5,0,0,0,0,0,0,0,0,0,0,0,0,0,0,0,0,0,0,0,,0,NA,0,,0,,0,,3,0,0,0,0
,,,16,Colin Stokes,,582,Boston Bolts U15 NALB,NA,CM,6/1/2025 12:00:00 AM,Round 0601,,0,0,2,3,28,1,0,0,17,7,0,0,2,2,1,2,2,43,16,23,15,68.04,2,0,70.83,,50,13,1,14,0,1,5,3,5,5,5,35.71,75,8,2,4,99,48,23,11,44,176,60,74.58,64.83,66.01,13,2,1,0,4,1,11,0,0,0,0,0,0,0,0,0,0,0,0,,0,NA,9,,0,100,8,77.78,1,0,14,0,0
,,,16,Colin Stokes,,69,Boston Bolts U15 NALB,NA,LW,6/1/2025 12:00:00 AM,Round 0601,,0,0,0,0,9,0,0,0,0,1,0,1,0,0,0,0,0,5,2,3,1,72.73,0,0,0,0,,0,0,0,0,0,0,0,0,0,0,,6,1,1,0,13,5,2,4,11,20,6,76.92,73.08,73.68,2,0,0,0,0,0,0,0,0,0,0,0,0,0,0,0,0,0,0,,0,NA,0,,0,,1,90,1,0,0,0,0
,,,16,Colin Stokes,,104,Boston Bolts U15 NALB,NA,RW,6/1/2025 12:00:00 AM,Round 0601,,0,0,0,1,10,0,0,0,2,0,0,0,0,0,0,1,0,7,0,3,1,90.91,0,0,100,,,5,0,1,0,0,0,0,1,2,6,0,16,5,0,3,27,5,8,4,13,43,13,76.79,62.5,77.14,2,0,2,0,0,0,1,0,0,0,0,0,0,0,0,0,0,0,0,,0,NA,1,,0,100,1,90.91,1,0,4,0,0
,,,99,Lucas Tully Femenia,,20,Boston Bolts U15 NALB,NA,CM,6/1/2025 12:00:00 AM,Round 0601,,0,0,0,0,0,1,0,0,2,0,0,0,0,0,1,0,0,2,0,1,0,100,0,0,100,,,0,0,0,0,0,0,0,0,0,0,,3,0,0,0,7,2,3,0,2,10,2,83.33,75,77.78,0,0,0,0,0,0,0,0,0,0,0,0,0,0,0,0,0,0,0,,0,NA,0,,0,,0,,0,0,0,0,0
,,,99,Lucas Tully Femenia,,217,Boston Bolts U15 NALB,NA,LB,6/1/2025 12:00:00 AM,Round 0601,,0,0,0,1,5,0,0,0,7,2,3,0,2,0,2,1,1,19,16,8,7,54,1,0,77.78,100,100,5,0,2,0,0,1,1,0,0,4,50,20,1,5,4,56,32,17,1,10,81,37,68.64,82.2,62.89,1,0,1,0,1,0,0,0,0,0,0,0,0,0,0,0,0,0,0,,0,NA,2,,0,100,0,100,37,0,4,0,0
,,,99,Lucas Tully Femenia,,174,Boston Bolts U15 NALB,NA,LW,6/1/2025 12:00:00 AM,Round 0601,,0,0,0,0,8,0,0,0,7,1,0,0,0,0,0,0,0,20,9,2,3,64.71,0,0,87.5,,,7,0,4,0,0,1,1,2,7,4,25,18,2,3,7,55,27,29,4,16,76,36,67.86,82.14,63.04,0,0,1,0,0,0,0,0,0,0,0,0,0,0,0,0,0,0,0,,0,NA,1,,0,100,0,100,13,0,1,0,0
,,,99,Lucas Tully Femenia,,38,Boston Bolts U15 NALB,NA,RCB,6/1/2025 12:00:00 AM,Round 0601,,0,0,0,0,0,0,0,0,0,0,0,0,2,0,2,1,1,2,3,3,1,55.56,1,0,,,100,0,0,0,0,0,0,0,0,0,0,,4,0,1,2,13,5,2,1,1,18,7,72,84,66.67,0,0,0,0,0,0,0,0,0,0,0,0,0,0,0,0,0,0,0,,0,NA,0,,0,,0,,4,0,0,0,0
,,,0,Dean Olszeswski,,159,Boston Bolts U15 NALB,NA,RB,6/1/2025 12:00:00 AM,Round 0601,,0,0,0,0,2,0,0,0,2,5,0,0,1,1,5,0,1,8,7,7,10,46.88,0,0,28.57,,50,1,1,1,0,0,0,1,0,0,1,0,7,0,1,1,24,19,6,1,8,32,20,61.54,86.54,55.56,1,0,1,0,0,0,0,0,0,0,0,0,0,0,0,0,0,0,0,,0,NA,2,,0,100,0,100,23,0,0,0,0
,,,0,Isaac Lewis,,55,Boston Bolts U15 NALB,NA,LW,6/1/2025 12:00:00 AM,Round 0601,,0,0,0,1,5,1,0,0,0,0,1,0,0,0,1,0,0,1,0,1,1,66.67,0,0,,100,,1,0,1,0,0,0,1,0,2,5,0,5,0,1,0,4,2,3,1,1,10,2,83.33,58.33,71.43,2,0,1,0,0,0,0,0,0,0,0,0,0,0,0,0,0,0,0,,0,NA,0,,0,100,0,100,0,0,1,0,0
,,,0,Isaac Lewis,,60,Boston Bolts U15 NALB,NA,RW,6/1/2025 12:00:00 AM,Round 0601,,0,0,0,0,0,0,0,0,2,3,0,0,0,1,0,0,0,3,1,0,2,50,0,0,40,,0,2,0,0,0,0,0,0,0,0,1,,5,0,2,0,7,3,2,1,4,14,3,82.35,70.59,75,1,0,0,0,0,0,1,0,0,0,0,0,0,0,0,0,0,0,0,,0,NA,0,,0,100,1,0,2,0,2,0,0
,,,0,JT Garcia,,125,Boston Bolts U15 NALB,NA,ATT,6/1/2025 12:00:00 AM,Round 0601,,1,0,0,0,6,2,0,0,3,5,0,1,0,0,1,0,0,6,4,3,1,64.29,0,0,37.5,0,,2,2,5,0,1,1,3,0,1,1,20,17,3,1,4,12,9,6,2,20,30,16,65.22,56.52,50,1,0,0,0,0,0,0,0,0,0,0,0,0,0,0,0,0,0,0,,0,NA,1,,0,100,2,75,1,0,1,0,0
,,,0,JT Garcia,,131,Boston Bolts U15 NALB,NA,CM,6/1/2025 12:00:00 AM,Round 0601,,0,0,0,0,3,1,0,0,4,1,0,0,0,0,2,0,1,5,4,1,1,54.55,0,0,80,,,1,1,7,1,0,4,2,0,0,0,71.43,16,0,0,1,16,10,10,3,9,32,11,74.42,62.79,59.26,3,0,0,0,0,0,0,0,0,0,0,0,0,0,0,0,0,0,0,,0,NA,0,,0,100,0,100,0,0,1,0,0
,,,0,Lucas Tully-Femenia,,35,Boston Bolts U15 NALB,NA,LB,6/1/2025 12:00:00 AM,Round 0601,,0,0,0,0,1,0,0,0,0,2,0,0,0,0,3,0,3,7,2,5,1,80,0,0,0,,,0,0,1,0,0,0,1,0,0,0,0,3,1,1,1,13,0,9,1,1,17,2,89.47,78.95,93.33,0,0,0,0,0,0,0,0,0,0,0,0,0,0,0,0,0,0,0,,0,NA,1,,0,,0,100,5,0,0,0,0
,,,0,Lucas Tully-Femenia,,19,Boston Bolts U15 NALB,NA,LW,6/1/2025 12:00:00 AM,Round 0601,,0,0,0,1,1,0,0,0,1,5,0,0,0,0,0,0,0,0,0,1,0,100,0,0,16.67,,,0,0,0,0,0,0,0,0,0,0,,4,1,1,0,2,0,1,1,3,7,1,87.5,37.5,100,0,0,0,0,0,0,0,0,0,0,0,0,0,0,0,0,0,0,0,,0,NA,0,,0,,0,100,0,0,1,0,0
,,,0,Mateo Kramer-Gomez,,35,Boston Bolts U15 NALB,NA,RB,6/1/2025 12:00:00 AM,Round 0601,,0,0,0,0,0,0,0,0,1,1,0,0,0,1,0,1,0,0,1,3,3,42.86,1,0,50,,0,1,0,0,0,0,0,0,0,0,0,,2,0,1,1,9,3,2,0,0,12,4,75,87.5,71.43,0,0,0,0,0,0,0,0,0,0,0,0,0,0,0,0,0,0,0,,0,NA,1,,0,100,0,,9,0,0,0,0
,,,0,Lucas Byers,,180,Boston Bolts U15 NALB,NA,LB,6/1/2025 12:00:00 AM,Round 0601,,0,0,0,0,3,1,0,0,4,2,0,1,0,0,4,0,1,23,7,11,4,75.56,0,0,66.67,0,,0,1,1,0,0,0,0,1,2,3,0,16,0,0,9,45,17,12,3,11,61,26,70.11,81.61,63.38,0,0,1,0,0,0,0,0,0,0,0,0,0,0,0,0,0,0,0,,0,NA,3,,0,,0,100,29,0,1,0,0
,Running By Team,,,,,,,,,,,,,,,,,,,,,,,,,,,,,,,,,,,,,,,,,,,,,,,,,,,,,,,,,,,,,,,,,,,,,,,,,,,,,,,,,,,,,,,,,,,,,,,,
,,,-1,NA,,19076,Boston Bolts U15 NALB,NA,NA,6/1/2025 12:00:00 AM,Round 0601,,1,0,49,40,525,54,1,31,437,286,26,13,59,27,205,42,118,1348,569,838,470,67.78,49,10,60.44,66.67,68.6,220,25,342,18,24,133,112,55,82,202,44.15,3274,283,225,308,3889,1560,1185,281,1151,7388,2151,77.45,62.71,68.77,151,49,154,23,46,16,55,0,1,0,0,141,2,22,8,146,5,67,48,78.77,27,NA,242,,0,100,61,89.59,560,268,257,0,534